None,ticker,volume,adj_close
0,AAPL,28781865.0,114.71537780152
1,AAPL,21118116.0,114.58698349145
2,AAPL,22193587.0,115.16969612944
3,AAPL,31751900.0,116.45363923011
4,AAPL,33561948.0,117.5202996522
5,AAPL,24462051.0,117.63881747687
6,AAPL,27588593.0,118.27091254181
7,AAPL,27086220.0,117.77708827233
8,AAPL,26111948.0,117.56968207915
9,AAPL,34439843.0,118.51782467656
10,AAPL,23712961.0,118.50794819117
11,AAPL,25597291.0,118.30054199798
12,AAPL,32597892.0,118.51782467656
13,AAPL,22050218.0,118.59683655968
14,AAPL,23211038.0,118.48819522039
15,AAPL,32586673.0,120.37460392982
16,AAPL,26337576.0,120.43386284216
17,AAPL,20562944.0,120.44373932755
18,AAPL,30377503.0,120.12769179508
19,AAPL,49200993.0,119.85115020417
20,AAPL,111985040.0,127.15974939256
21,AAPL,33710411.0,126.94246671398
22,AAPL,24507301.0,127.48567341042
23,AAPL,26845924.0,128.68072814257
24,AAPL,38183841.0,129.9054123309
25,AAPL,23004072.0,130.40911308577
26,AAPL,28349859.0,131.34737919779
27,AAPL,20065458.0,131.04980924039
28,AAPL,23035421.0,132.21033207426
29,AAPL,33226223.0,133.92631882862
30,AAPL,35623100.0,134.41234975905
31,AAPL,22584555.0,134.24868628248
32,AAPL,22198197.0,134.62064872923
33,AAPL,24507156.0,135.59271059008
34,AAPL,20836932.0,135.99938953187
35,AAPL,20788186.0,135.42408761422
36,AAPL,21776585.0,135.55303459576
37,AAPL,20257426.0,135.82084755742
38,AAPL,23482860.0,135.8803615489
39,AAPL,36414585.0,138.65768115133
40,AAPL,26210984.0,137.83440426919
41,AAPL,21571121.0,138.64776215275
42,AAPL,21750044.0,138.21132621523
43,AAPL,17446297.0,138.38986818967
44,AAPL,18707236.0,137.87408026351
45,AAPL,22155904.0,137.55667230894
46,AAPL,19612801.0,138.01294624363
47,AAPL,17421717.0,138.07246023511
48,AAPL,15309065.0,137.86416126493
49,AAPL,25691774.0,139.3222540562
50,AAPL,19231998.0,139.55039102354
51,AAPL,43884952.0,138.85606112294
52,AAPL,21542038.0,140.31415391421
53,AAPL,39529912.0,138.70727614424
54,AAPL,25860165.0,140.27447791989
55,AAPL,20346301.0,139.77852799089
56,AAPL,22395563.0,139.50079603064
57,AAPL,23575094.0,139.73885199657
58,AAPL,33374805.0,142.63519958196
59,AAPL,29189955.0,142.95260753652
60,AAPL,21207252.0,142.7641465635
61,AAPL,19661651.0,142.49633360184
62,AAPL,19985714.0,142.53600959616
63,AAPL,19891354.0,143.59734244423
64,AAPL,27717854.0,142.85341755072
65,AAPL,21149034.0,142.49633360184
66,AAPL,16658543.0,142.17892564727
67,AAPL,18933397.0,142.01030267141
68,AAPL,30379376.0,140.48277689007
69,AAPL,20350000.0,140.65139986594
70,AAPL,17822880.0,139.90747497243
71,AAPL,16582094.0,140.68115686168
72,AAPL,14697544.0,140.05625995113
73,AAPL,17328375.0,139.54047202496
74,AAPL,23319562.0,141.28621577506
75,AAPL,17320928.0,141.1175927992
76,AAPL,17116599.0,142.47649560468
77,AAPL,18216472.0,143.36920547689
78,AAPL,19614287.0,142.48720812314
79,AAPL,13948980.0,142.62528058338
80,AAPL,20247187.0,142.48641460326
81,AAPL,32818760.0,145.41251918439
82,AAPL,39752670.0,146.31514805518
83,AAPL,45142806.0,145.86879311907
84,AAPL,23275690.0,145.34308619433
85,AAPL,26787359.0,147.75340284929
86,AAPL,48339210.0,151.76067827566
87,AAPL,35942435.0,152.71290213935
88,AAPL,25670456.0,152.01857223874
89,AAPL,25596687.0,153.32788005131
90,AAPL,32221756.0,155.46919178961
91,AAPL,25700983.0,155.07080821039
92,AAPL,19904679.0,154.84173765234
93,AAPL,49482818.0,149.64283194355
94,AAPL,33159664.0,151.92357793457
95,AAPL,26733798.0,152.34188069275
96,AAPL,22340069.0,153.36771840924
97,AAPL,19430358.0,153.17848620911
98,AAPL,19118319.0,152.72034509301
99,AAPL,19044463.0,153.24820333547
100,AAPL,21632202.0,152.98925400898
101,AAPL,20034934.0,153.04901154586
102,AAPL,23162873.0,152.14268890314
103,AAPL,16180143.0,152.56099166132
104,AAPL,27285861.0,154.82181847338
105,AAPL,24803858.0,153.30796087235
106,AAPL,26249630.0,153.82585952534
107,AAPL,20678772.0,154.74214175754
108,AAPL,20771367.0,154.36367735728
109,AAPL,64176149.0,148.37796407954
110,AAPL,71563614.0,144.7327543297
111,AAPL,33749154.0,145.99762219371
112,AAPL,31224203.0,144.57340089801
113,AAPL,31348832.0,143.70691661321
114,AAPL,49180748.0,141.69507953817
115,AAPL,31449132.0,145.7486324567
116,AAPL,24572170.0,144.4240070558
117,AAPL,21064679.0,145.28053175112
118,AAPL,18673365.0,145.04150160359
119,AAPL,25997976.0,145.75859204618
120,AAPL,25524661.0,145.23073380372
121,AAPL,24423643.0,143.15913919179
122,AAPL,21915939.0,145.2406933932
123,AAPL,31116980.0,143.09938165491
124,AAPL,22328979.0,143.43800769724
125,AAPL,14276812.0,142.92010904426
126,AAPL,20758795.0,143.5077248236
127,AAPL,23374374.0,142.15322065427
128,AAPL,18505351.0,143.59736112893
129,AAPL,21030466.0,144.47380500321
130,AAPL,18311156.0,144.94190570879
131,AAPL,23617964.0,145.15105708788
132,AAPL,24922788.0,147.17285375241
133,AAPL,19961788.0,148.43772161642
134,AAPL,23243713.0,148.9556202694
135,AAPL,17713795.0,149.47351892239
136,AAPL,20615419.0,150.40972033355
137,AAPL,17053326.0,149.73246824888
138,AAPL,24671002.0,149.66275112251
139,AAPL,21122730.0,151.47539640795
140,AAPL,18612649.0,152.12276972418
141,AAPL,15172136.0,152.83986016677
142,AAPL,32175875.0,149.95157921745
143,AAPL,16832947.0,148.89586273252
144,AAPL,19422655.0,148.24848941629
145,AAPL,24725526.0,149.44364015394
146,AAPL,69222793.0,156.50498909557
147,AAPL,26000738.0,154.94133354715
148,AAPL,20349532.0,155.75801988454
149,AAPL,35775675.0,159.43310840282
150,AAPL,25640394.0,160.40914817191
151,AAPL,39081017.0,155.27
152,AAPL,25943187.0,157.48
153,AAPL,21754810.0,159.85
154,AAPL,27936774.0,161.6
155,AAPL,27321761.0,160.95
156,AAPL,26925694.0,157.87
157,AAPL,27012525.0,157.5
158,AAPL,26145653.0,157.21
159,AAPL,21297812.0,159.78
160,AAPL,19198189.0,159.98
161,AAPL,19029621.0,159.27
162,AAPL,25015218.0,159.86
163,AAPL,25279674.0,161.47
164,AAPL,29307862.0,162.91
165,AAPL,26973946.0,163.35
166,AAPL,26412439.0,164.0
167,AAPL,16508568.0,164.05
168,AAPL,29317054.0,162.08
169,AAPL,21179047.0,161.91
170,AAPL,21722995.0,161.26
171,AAPL,28183159.0,158.63
172,AAPL,31028926.0,161.5
173,AAPL,71139119.0,160.82
174,AAPL,44393752.0,159.65
175,AAPL,23073646.0,158.28
176,AAPL,48203642.0,159.88
177,AAPL,27939718.0,158.67
178,AAPL,20347352.0,158.73
179,AAPL,51693239.0,156.07
180,AAPL,36643382.0,153.39
181,AAPL,46114424.0,151.89
182,AAPL,43922334.0,150.55
183,AAPL,35470985.0,153.14
184,AAPL,24959552.0,154.23
185,AAPL,21896592.0,153.28
186,AAPL,25856530.0,154.12
187,AAPL,18524860.0,153.81
188,AAPL,16146388.0,154.48
189,AAPL,19844177.0,153.4508
190,AAPL,21032800.0,155.39
191,AAPL,16423749.0,155.3
192,AAPL,16200129.0,155.84
193,AAPL,15456331.0,155.9
194,AAPL,16607693.0,156.55
195,AAPL,16045720.0,156.0
196,AAPL,16287608.0,156.99
197,AAPL,23894630.0,159.88
198,AAPL,18816438.0,160.47
199,AAPL,16158659.0,159.76
200,AAPL,42111326.0,155.98
201,AAPL,23612246.0,156.16
202,AAPL,21654461.0,156.17
203,AAPL,17137731.0,157.1
204,AAPL,20126554.0,156.405
205,AAPL,16751691.0,157.41
206,AAPL,43904150.0,163.05
207,AAPL,43923292.0,166.72
208,AAPL,35474672.0,169.04
209,AAPL,33100847.0,166.89
210,AAPL,32710040.0,168.11
211,AAPL,58683826.0,172.5
212,AAPL,34242566.0,174.25
213,AAPL,23910914.0,174.81
214,AAPL,28636531.0,175.88
215,AAPL,25061183.0,174.67
216,AAPL,16828025.0,173.97
217,AAPL,23588451.0,171.34
218,AAPL,28702351.0,169.08
219,AAPL,23497326.0,171.1
220,AAPL,21665811.0,170.15
221,AAPL,15974387.0,169.98
222,AAPL,24875471.0,173.14
223,AAPL,24997274.0,174.96
224,AAPL,14026519.0,174.97
225,AAPL,20536313.0,174.09
226,AAPL,25468442.0,173.07
227,AAPL,40788324.0,169.48
228,AAPL,40172368.0,171.85
229,AAPL,39590080.0,171.05
230,AAPL,32115052.0,169.8
231,AAPL,27008428.0,169.64
232,AAPL,28224357.0,169.01
233,AAPL,24469613.0,169.452
234,AAPL,23096872.0,169.37
235,AAPL,33092051.0,172.67
236,AAPL,18945457.0,171.7
237,AAPL,23142242.0,172.27
238,AAPL,20219307.0,172.22
239,AAPL,37054632.0,173.87
240,AAPL,28831533.0,176.42
241,AAPL,27078872.0,174.54
242,AAPL,23000392.0,174.35
243,AAPL,20356826.0,175.01
244,AAPL,16052615.0,175.01
245,AAPL,32968167.0,170.57
246,AAPL,21672062.0,170.6
247,AAPL,15997739.0,171.08
248,AAPL,25643711.0,169.23
249,AAPL,25048048.0,172.26
250,AAPL,28819653.0,172.23
251,AAPL,22211345.0,173.03
252,AAPL,23016177.0,175.0
253,AAPL,20134092.0,174.35
254,AAPL,21262614.0,174.33
255,AAPL,23589129.0,174.29
256,AAPL,17523256.0,175.28
257,AAPL,25039531.0,177.09
258,AAPL,29159005.0,176.19
259,AAPL,32752734.0,179.1
260,AAPL,30234512.0,179.26
261,AAPL,30827809.0,178.46
262,AAPL,26023683.0,177.0
263,AAPL,31702531.0,177.04
264,AAPL,50562257.0,174.22
265,AAPL,39661804.0,171.11
266,AAPL,37121805.0,171.51
267,AAPL,48434424.0,167.96
268,AAPL,45137026.0,166.97
269,AAPL,30984099.0,167.43
270,AAPL,38099665.0,167.78
271,AAPL,85436075.0,160.37
272,AAPL,66090446.0,157.49
273,AAPL,66625484.0,163.03
274,AAPL,50852130.0,159.54
275,AAPL,49594129.0,155.32
276,AAPL,66723743.0,155.97
277,AAPL,60560145.0,162.71
278,AAPL,32104756.0,164.34
279,AAPL,39669178.0,167.37
280,AAPL,50609595.0,172.99
281,AAPL,39638793.0,172.43
282,AAPL,33531012.0,171.85
283,AAPL,35833514.0,171.07
284,AAPL,30504116.0,172.6
285,AAPL,33329232.0,175.555
286,AAPL,36886432.0,178.97
287,AAPL,38685165.0,178.39
288,AAPL,33604574.0,178.12
289,AIG,7321916.0,64.125495064143
290,AIG,4927545.0,64.962513964704
291,AIG,4107903.0,64.59816456093
292,AIG,5603712.0,65.789685584081
293,AIG,4344972.0,65.366252493209
294,AIG,4952507.0,66.173729550221
295,AIG,4761963.0,65.927547520644
296,AIG,5558665.0,65.23823783783
297,AIG,5391474.0,65.33671064966
298,AIG,5155010.0,65.051139495351
299,AIG,4953918.0,65.228390556646
300,AIG,4406422.0,65.277626962562
301,AIG,9070940.0,65.523808992139
302,AIG,5707121.0,64.489844467916
303,AIG,6524912.0,64.499691749099
304,AIG,6798966.0,64.716331935127
305,AIG,4859050.0,65.011750370619
306,AIG,5612849.0,64.21412059479
307,AIG,5149703.0,63.899007596932
308,AIG,6195323.0,63.278628882399
309,AIG,4690352.0,63.288476163582
310,AIG,4532806.0,63.140766945836
311,AIG,4380702.0,63.948244002848
312,AIG,2871482.0,63.908854878115
313,AIG,3645651.0,63.889160315749
314,AIG,3181743.0,63.918702159298
315,AIG,5373053.0,64.322440687804
316,AIG,5076166.0,64.608011842113
317,AIG,4568916.0,65.129917744816
318,AIG,7916758.0,65.868463833546
319,AIG,38234945.0,59.920705998972
320,AIG,14253640.0,61.319019926968
321,AIG,7797211.0,61.545507394179
322,AIG,9402298.0,62.441609981838
323,AIG,10006598.0,62.855195791527
324,AIG,6081436.0,63.042294134005
325,AIG,6466476.0,62.658250167866
326,AIG,8548647.0,63.022599571639
327,AIG,8014385.0,62.943821322175
328,AIG,10136993.0,63.642978286172
329,AIG,6833676.0,62.924126759808
330,AIG,4639875.0,63.239239757667
331,AIG,5305708.0,62.805959385612
332,AIG,8145609.0,62.48099910657
333,AIG,5864970.0,62.471151825387
334,AIG,8564505.0,62.244664358177
335,AIG,5005161.0,62.116649702797
336,AIG,8328066.0,62.530235512486
337,AIG,5131206.0,62.233320813946
338,AIG,5862627.0,62.579721295576
339,AIG,5186557.0,62.2630122838
340,AIG,16458441.0,61.778051609518
341,AIG,4596632.0,61.728565826428
342,AIG,7307265.0,61.124839272731
343,AIG,7417700.0,60.610187128595
344,AIG,6894584.0,60.709158694775
345,AIG,8466731.0,60.253889490347
346,AIG,6639297.0,60.303375273437
347,AIG,6484165.0,61.22381083891
348,AIG,5369787.0,61.134736429349
349,AIG,4706557.0,61.926508958788
350,AIG,5295973.0,61.787948766136
351,AIG,5158756.0,61.154530742584
352,AIG,4553311.0,61.540519850686
353,AIG,4605297.0,60.986279080079
354,AIG,3862618.0,61.204016525674
355,AIG,4847157.0,60.709158694775
356,AIG,4760939.0,60.847718887427
357,AIG,6147797.0,60.164815080785
358,AIG,7518346.0,59.551191370469
359,AIG,5956058.0,58.937567660154
360,AIG,5939384.0,59.313659611638
361,AIG,4841345.0,58.888081877064
362,AIG,6125659.0,58.373429732928
363,AIG,9397661.0,59.05633353957
364,AIG,6473219.0,58.521887082198
365,AIG,7930514.0,59.076127852806
366,AIG,8285990.0,59.45221980429
367,AIG,12273355.0,59.541294213851
368,AIG,6802327.0,60.521112719033
369,AIG,4798063.0,60.283580960201
370,AIG,5767352.0,60.976381923461
371,AIG,5196901.0,60.897204670517
372,AIG,7470656.0,60.907101827135
373,AIG,8487959.0,62.025480524968
374,AIG,5842978.0,62.06506915144
375,AIG,6480926.0,61.283193778618
376,AIG,6135310.0,61.184222212438
377,AIG,3954199.0,60.738850164629
378,AIG,9084397.0,61.154530742584
379,AIG,14213448.0,60.362758213145
380,AIG,9418363.0,61.184222212438
381,AIG,7935604.0,61.441548284506
382,AIG,13209512.0,60.926896140371
383,AIG,9914150.0,60.758644477865
384,AIG,9704873.0,60.570598502123
385,AIG,9248697.0,60.748747321247
386,AIG,7407292.0,61.530622694068
387,AIG,11406221.0,61.956200428642
388,AIG,9697714.0,62.470852572778
389,AIG,8738777.0,62.896430307351
390,AIG,6316149.0,63.440773921341
391,AIG,7172346.0,62.975607560295
392,AIG,5140349.0,63.242830788981
393,AIG,5647901.0,63.579334113993
394,AIG,3190842.0,63.173550692655
395,AIG,4077199.0,62.65889854852
396,AIG,4177711.0,62.51044119925
397,AIG,4808574.0,63.005299030149
398,AIG,7070700.0,63.519951174285
399,AIG,5592435.0,63.480362547813
400,AIG,4714984.0,63.888180608681
401,AIG,3026219.0,63.908074172626
402,AIG,4893502.0,63.470415765841
403,AIG,7528107.0,63.450522201896
404,AIG,3079514.0,63.609670713454
405,AIG,3903430.0,63.052650923
406,AIG,4462099.0,62.883555629469
407,AIG,2741773.0,62.714460335939
408,AIG,7248707.0,62.684619990022
409,AIG,3832789.0,62.84376850158
410,AIG,4986655.0,63.072544486945
411,AIG,3670393.0,63.500256111758
412,AIG,4361132.0,63.162065524696
413,AIG,7601304.0,62.187280891402
414,AIG,3229139.0,62.953183103276
415,AIG,7135706.0,62.445897222684
416,AIG,6079328.0,62.744300681856
417,AIG,3239965.0,63.012863795111
418,AIG,3043916.0,62.734353899884
419,AIG,2881926.0,62.575205388325
420,AIG,2672925.0,62.853715283552
421,AIG,5367825.0,63.788712788957
422,AIG,2737188.0,63.768819225012
423,AIG,3454063.0,63.709138533178
424,AIG,3979202.0,63.530096457675
425,AIG,2849066.0,63.848393480792
426,AIG,3389615.0,63.888180608681
427,AIG,3473823.0,63.858340262764
428,AIG,2913636.0,64.186584067853
429,AIG,4952264.0,64.942539497755
430,AIG,4458889.0,64.843071678031
431,AIG,4289310.0,64.823178114086
432,AIG,2836885.0,64.92264593381
433,AIG,3144463.0,65.101688009313
434,AIG,2973520.0,65.13152835523
435,AIG,3559196.0,65.549293198071
436,AIG,8476062.0,65.708441709629
437,AIG,5074107.0,64.733657076335
438,AIG,5301154.0,64.634189256611
439,AIG,3141949.0,64.226371195743
440,AIG,5598147.0,63.669351405289
441,AIG,4221800.0,62.664726426077
442,AIG,3676255.0,62.316589057043
443,AIG,3240574.0,62.545365042408
444,AIG,3016825.0,62.694566771994
445,AIG,2624865.0,62.63488608016
446,AIG,4903505.0,61.341804423749
447,AIG,4480753.0,61.01356061866
448,AIG,2758560.0,60.963826708798
449,AIG,4828978.0,60.894199234991
450,AIG,5285331.0,60.446594046233
451,AIG,5372759.0,59.909467819724
452,AIG,5871573.0,60.456540828206
453,AIG,6562541.0,60.337179444537
454,AIG,4841048.0,59.889574255779
455,AIG,4407963.0,59.879627473807
456,AIG,7294004.0,60.158137369034
457,AIG,3746088.0,60.376966572426
458,AIG,8071587.0,59.332554465325
459,AIG,5900221.0,59.153512389822
460,AIG,6597398.0,57.959898553135
461,AIG,10049586.0,59.461862630966
462,AIG,8053197.0,60.446594046233
463,AIG,4304397.0,60.874305671046
464,AIG,5416658.0,60.416753700316
465,AIG,5383270.0,59.81
466,AIG,9269665.0,59.62
467,AIG,7293442.0,59.39
468,AIG,4085699.0,59.49
469,AIG,6016176.0,60.12
470,AIG,4345443.0,60.5
471,AIG,4397188.0,60.71
472,AIG,4380743.0,61.01
473,AIG,7686520.0,60.47
474,AIG,5942662.0,61.25
475,AIG,4439822.0,60.97
476,AIG,4315530.0,61.39
477,AIG,3855395.0,61.86
478,AIG,4404177.0,61.63
479,AIG,2403338.0,61.58
480,AIG,3636547.0,61.98
481,AIG,3634896.0,62.26
482,AIG,2589199.0,61.78
483,AIG,4093333.0,61.78
484,AIG,5737064.0,61.84
485,AIG,6179678.0,62.55
486,AIG,7017949.0,63.16
487,AIG,6515793.0,63.98
488,AIG,4906376.0,63.63
489,AIG,4421217.0,63.44
490,AIG,7171815.0,65.07
491,AIG,6831216.0,64.87
492,AIG,3873242.0,64.96
493,AIG,3785876.0,65.13
494,AIG,3351101.0,65.12
495,AIG,4030496.0,64.85
496,AIG,3991570.0,64.55
497,AIG,4025472.0,64.78
498,AIG,3165182.0,64.61
499,AIG,3013495.0,64.66
500,AIG,3977570.0,64.98
501,AIG,14316896.0,62.0
502,AIG,7610660.0,62.49
503,AIG,5938211.0,62.13
504,AIG,4565227.0,62.24
505,AIG,4413009.0,62.06
506,AIG,3596945.0,62.0
507,AIG,6792092.0,61.46
508,AIG,4069179.0,61.14
509,AIG,5560893.0,60.06
510,AIG,5557309.0,60.06
511,AIG,6302773.0,59.69
512,AIG,3841962.0,59.63
513,AIG,2992633.0,59.23
514,AIG,1744091.0,59.03
515,AIG,4138130.0,58.76
516,AIG,6646298.0,59.82
517,AIG,7692124.0,60.3
518,AIG,6505682.0,59.96
519,AIG,4520292.0,59.88
520,AIG,5805284.0,59.26
521,AIG,4848000.0,59.53
522,AIG,4197045.0,60.03
523,AIG,3590633.0,59.55
524,AIG,3383985.0,59.51
525,AIG,4146589.0,59.79
526,AIG,3497660.0,59.93
527,AIG,5268081.0,58.97
528,AIG,6812626.0,58.11
529,AIG,8159188.0,59.39
530,AIG,5284888.0,59.58
531,AIG,3790227.0,59.78
532,AIG,4147877.0,60.0
533,AIG,4793024.0,60.08
534,AIG,4263699.0,59.31
535,AIG,2358258.0,59.43
536,AIG,2663386.0,59.54
537,AIG,2336270.0,60.0
538,AIG,2800229.0,59.58
539,AIG,3759538.0,59.5
540,AIG,4959154.0,60.16
541,AIG,4113355.0,60.4
542,AIG,3689781.0,60.65
543,AIG,3073737.0,60.25
544,AIG,6654089.0,60.63
545,AIG,12212346.0,61.0
546,AIG,6466984.0,61.15
547,AIG,6224622.0,60.97
548,AIG,5871198.0,61.06
549,AIG,4870221.0,61.42
550,AIG,5262841.0,61.53
551,AIG,6472158.0,61.55
552,AIG,7172702.0,61.0
553,AIG,9645018.0,62.34
554,AIG,10293445.0,64.32
555,AIG,5689036.0,64.8
556,AIG,4651367.0,64.68
557,AIG,4179261.0,64.26
558,AIG,4519616.0,63.35
559,AIG,4829768.0,63.92
560,AIG,4120508.0,64.17
561,AIG,4253977.0,63.04
562,AIG,8495370.0,60.63
563,AIG,12003228.0,60.26
564,AIG,7682247.0,60.47
565,AIG,7320802.0,58.28
566,AIG,15102569.0,60.22
567,AIG,6021350.0,59.61
568,AIG,4890405.0,59.43
569,AIG,6704756.0,59.41
570,AIG,7847108.0,59.23
571,AIG,6817689.0,59.47
572,AIG,5342095.0,60.04
573,AIG,7070851.0,60.18
574,AIG,23162798.0,59.96
575,AIG,5572839.0,60.07
576,AIG,11757037.0,59.01
577,AIG,8521584.0,58.23
578,AIG,9155017.0,57.34
579,AMD,55181960.0,11.43
580,AMD,40781190.0,11.43
581,AMD,38855214.0,11.24
582,AMD,34453462.0,11.32
583,AMD,37304797.0,11.49
584,AMD,29201580.0,11.44
585,AMD,39377016.0,11.2
586,AMD,75244087.0,10.76
587,AMD,38377455.0,10.58
588,AMD,70491802.0,9.82
589,AMD,51797592.0,9.88
590,AMD,46151282.0,9.77
591,AMD,27982147.0,9.75
592,AMD,27905681.0,9.91
593,AMD,43991188.0,10.44
594,AMD,61886202.0,10.35
595,AMD,35866570.0,10.52
596,AMD,32719173.0,10.67
597,AMD,37724991.0,10.61
598,AMD,53704949.0,10.37
599,AMD,165939278.0,12.06
600,AMD,116324549.0,12.28
601,AMD,60036740.0,12.24
602,AMD,140474084.0,13.63
603,AMD,158683771.0,13.29
604,AMD,75942906.0,13.56
605,AMD,73339932.0,13.42
606,AMD,54579343.0,13.58
607,AMD,57413113.0,13.49
608,AMD,40479052.0,13.26
609,AMD,33722253.0,13.3
610,AMD,52502531.0,12.97
611,AMD,40887978.0,13.13
612,AMD,66357063.0,14.0
613,AMD,71505039.0,14.28
614,AMD,80317617.0,14.32
615,AMD,46288614.0,14.12
616,AMD,95422869.0,15.2
617,AMD,141782979.0,14.46
618,AMD,73450388.0,14.96
619,AMD,104330930.0,13.9
620,AMD,163641702.0,13.03
621,AMD,117192621.0,13.04
622,AMD,76666266.0,13.05
623,AMD,71294747.0,13.22
624,AMD,45244233.0,13.33
625,AMD,65142157.0,13.91
626,AMD,73078146.0,14.28
627,AMD,52554505.0,14.1
628,AMD,55179561.0,13.98
629,AMD,44494793.0,13.65
630,AMD,224892327.0,13.49
631,AMD,91565591.0,14.4
632,AMD,72552725.0,13.82
633,AMD,61239502.0,14.1
634,AMD,44549945.0,13.79
635,AMD,50099472.0,13.7
636,AMD,42686840.0,13.7
637,AMD,37420153.0,13.69
638,AMD,37863470.0,13.71
639,AMD,44132830.0,14.05
640,AMD,84566239.0,14.55
641,AMD,48423677.0,14.64
642,AMD,58413020.0,14.16
643,AMD,58816711.0,14.17
644,AMD,139500105.0,13.27
645,AMD,70354484.0,13.52
646,AMD,47178017.0,13.1
647,AMD,59916607.0,13.1
648,AMD,37385363.0,12.76
649,AMD,53442631.0,12.31
650,AMD,38188238.0,12.79
651,AMD,37172004.0,12.95
652,AMD,36491056.0,12.84
653,AMD,41976064.0,13.11
654,AMD,25689590.0,13.0
655,AMD,36085880.0,13.13
656,AMD,35681706.0,13.49
657,AMD,36344723.0,13.41
658,AMD,30896454.0,13.63
659,AMD,50056426.0,13.3
660,AMD,53304763.0,13.615
661,AMD,265982963.0,10.3
662,AMD,139568287.0,10.39
663,AMD,76295163.0,10.1
664,AMD,51629612.0,10.19
665,AMD,34824647.0,10.04
666,AMD,47138714.0,10.18
667,AMD,65328949.0,10.79
668,AMD,72574404.0,11.07
669,AMD,55944654.0,11.26
670,AMD,52210042.0,11.42
671,AMD,155882385.0,12.75
672,AMD,158929483.0,11.2
673,AMD,85319480.0,11.28
674,AMD,49828043.0,11.4
675,AMD,78335158.0,11.035
676,AMD,49597368.0,10.89
677,AMD,40864767.0,10.89
678,AMD,32692181.0,10.98
679,AMD,31726254.0,11.0
680,AMD,35125296.0,11.12
681,AMD,41470434.0,11.1801
682,AMD,47175511.0,10.93
683,AMD,42838855.0,10.9
684,AMD,64357671.0,11.24
685,AMD,113010266.0,12.02
686,AMD,149171943.0,12.38
687,AMD,87201152.0,12.9
688,AMD,165174160.0,12.28
689,AMD,123725528.0,12.085
690,AMD,86585397.0,11.96
691,AMD,51454208.0,11.76
692,AMD,60332254.0,11.5
693,AMD,58774371.0,11.44
694,AMD,61268773.0,11.93
695,AMD,116319537.0,12.64
696,AMD,187161633.0,13.98
697,AMD,147959418.0,14.3708
698,AMD,151603584.0,14.15
699,AMD,100078492.0,14.08
700,AMD,88742270.0,13.395
701,AMD,84591176.0,13.23
702,AMD,86658774.0,12.6
703,AMD,58976478.0,12.48
704,AMD,39888247.0,12.15
705,AMD,98729984.0,13.19
706,AMD,88418322.0,13.02
707,AMD,88021133.0,13.36
708,AMD,77940920.0,13.81
709,AMD,70760527.0,13.89
710,AMD,78011028.0,14.29
711,AMD,110860494.0,13.53
712,AMD,81515312.0,13.92
713,AMD,70594469.0,13.8
714,AMD,77823247.0,13.48
715,AMD,51511044.0,13.55
716,AMD,47328081.0,13.8
717,AMD,50836269.0,13.88
718,AMD,70306709.0,14.16
719,AMD,76089789.0,14.11
720,AMD,234655935.0,14.76
721,AMD,129095996.0,14.12
722,AMD,66352470.0,13.95
723,AMD,68653763.0,13.61
724,AMD,48273874.0,13.71
725,AMD,67062121.0,13.37
726,AMD,51720273.0,13.24
727,AMD,63954775.0,13.12
728,AMD,57203474.0,13.43
729,AMD,46548040.0,13.11
730,AMD,58571682.0,12.83
731,AMD,80131441.0,12.12
732,AMD,63319050.0,12.23
733,AMD,63873137.0,12.76
734,AMD,57447725.0,13.02
735,AMD,64171662.0,12.63
736,AMD,46960411.0,12.34
737,AMD,37172947.0,12.376
738,AMD,58620489.0,12.05
739,AMD,38705808.0,12.175
740,AMD,43429439.0,12.48
741,AMD,37056907.0,12.505
742,AMD,29543318.0,12.425
743,AMD,35078317.0,12.23
744,AMD,33290113.0,12.15
745,AMD,43434380.0,12.67
746,AMD,51056961.0,13.0
747,AMD,52901453.0,13.19
748,AMD,51359359.0,12.92
749,AMD,33828656.0,12.85
750,AMD,35467788.0,12.63
751,AMD,60503832.0,12.25
752,AMD,42904404.0,12.55
753,AMD,54029549.0,12.3
754,AMD,36978783.0,12.22
755,AMD,36903301.0,12.26
756,AMD,49576344.0,12.52
757,AMD,82647358.0,13.08
758,AMD,64693928.0,13.12
759,AMD,82385985.0,13.76
760,AMD,164802839.0,13.41
761,AMD,49752570.0,13.3
762,AMD,83429167.0,12.61
763,AMD,67417625.0,12.45
764,AMD,59391214.0,12.74
765,AMD,35439338.0,12.74
766,AMD,33358815.0,12.75
767,AMD,34256219.0,12.71
768,AMD,84656340.0,13.42
769,AMD,41814144.0,13.31
770,AMD,34409933.0,13.34
771,AMD,27939491.0,13.23
772,AMD,53748724.0,13.47
773,AMD,43046193.0,13.7
774,AMD,38017847.0,13.88
775,AMD,69313327.0,14.2
776,AMD,37160693.0,14.22
777,AMD,33684147.0,14.26
778,AMD,28695155.0,14.16
779,AMD,38868463.0,14.07
780,AMD,33600243.0,13.95
781,AMD,31624215.0,13.81
782,AMD,49438627.0,14.1
783,AMD,60340437.0,14.25
784,AMD,165686209.0,12.33
785,AMD,86725366.0,12.005
786,AMD,115163241.0,11.84
787,AMD,136725037.0,10.89
788,AMD,78118243.0,10.985
789,AMD,66416610.0,10.8
790,AMD,47509725.0,10.85
791,AMD,43989491.0,11.12
792,AMD,95719936.0,11.93
793,AMD,66232713.0,12.05
794,AMD,75698460.0,11.12
795,AMD,50022529.0,11.26
796,AMD,53925999.0,11.09
797,AMD,36254723.0,11.12
798,AMD,33326871.0,11.07
799,AMD,30814936.0,11.25
800,AMD,56245136.0,11.38
801,AMD,35827552.0,11.34
802,AMD,31469531.0,11.4
803,AMD,23686100.0,11.37
804,AMD,11033178.0,11.38
805,AMD,41565129.0,11.55
806,AMD,65088197.0,11.17
807,AMD,63028757.0,10.825
808,AMD,42311007.0,10.89
809,AMD,41932685.0,10.7201
810,AMD,95608827.0,10.03
811,AMD,66840417.0,9.91
812,AMD,38351614.0,10.0
813,AMD,32273896.0,10.04
814,AMD,34582737.0,9.94
815,AMD,29359732.0,10.16
816,AMD,35843064.0,9.9
817,AMD,41201508.0,10.11
818,AMD,26491754.0,10.13
819,AMD,42459234.0,10.3
820,AMD,62789226.0,10.98
821,AMD,43445290.0,10.95
822,AMD,31053753.0,10.98
823,AMD,21645217.0,10.89
824,AMD,50572874.0,10.54
825,AMD,20362897.0,10.46
826,AMD,22780900.0,10.53
827,AMD,18345480.0,10.55
828,AMD,26321111.0,10.28
829,AMD,43479727.0,10.98
830,AMD,150097565.0,11.55
831,AMD,108512405.0,12.12
832,AMD,63187983.0,11.88
833,AMD,62896703.0,12.28
834,AMD,62071489.0,11.82
835,AMD,51025659.0,11.96
836,AMD,33904455.0,12.1404
837,AMD,46862584.0,12.02
838,AMD,41596214.0,11.91
839,AMD,38563690.0,12.18
840,AMD,61621147.0,12.47
841,AMD,45638452.0,12.59
842,AMD,34419605.0,12.64
843,AMD,46005571.0,12.94
844,AMD,41540864.0,12.71
845,AMD,41679690.0,12.41
846,AMD,43419449.0,12.95
847,AMD,65821254.0,13.32
848,AMD,65116734.0,12.865
849,AMD,139842965.0,13.735
850,AMD,66528817.0,13.25
851,AMD,76774701.0,12.45
852,AMD,110561931.0,11.53
853,AMD,85817061.0,11.64
854,AMD,55325484.0,11.6
855,AMD,54139669.0,11.215
856,AMD,83500016.0,11.305
857,AMD,62695580.0,11.68
858,AMD,32126468.0,11.78
859,AMD,51529646.0,12.2
860,AMD,57497914.0,12.181
861,AMD,45980623.0,11.82
862,AMD,46430056.0,12.02
863,AMD,39840153.0,11.72
864,AMD,37579666.0,11.84
865,AMD,32964802.0,12.07
866,AMD,41830973.0,12.42
867,AMD,55068108.0,12.53
868,AMD,43024362.0,12.11
869,CHK,55800763.0,6.92
870,CHK,48210027.0,7.0
871,CHK,54257055.0,7.18
872,CHK,39765906.0,7.01
873,CHK,40624144.0,6.87
874,CHK,28675833.0,6.92
875,CHK,31826672.0,6.92
876,CHK,30565771.0,6.93
877,CHK,21277209.0,6.92
878,CHK,39564101.0,7.01
879,CHK,29492426.0,6.98
880,CHK,62163919.0,6.62
881,CHK,32966505.0,6.69
882,CHK,28932667.0,6.68
883,CHK,36073268.0,6.91
884,CHK,48529826.0,7.13
885,CHK,31712475.0,7.12
886,CHK,30469929.0,6.92
887,CHK,56773995.0,6.46
888,CHK,29206523.0,6.45
889,CHK,33972460.0,6.4
890,CHK,34243824.0,6.45
891,CHK,27980365.0,6.57
892,CHK,27822852.0,6.38
893,CHK,40279332.0,6.17
894,CHK,38248995.0,6.12
895,CHK,31648527.0,6.31
896,CHK,29295535.0,6.38
897,CHK,24553842.0,6.33
898,CHK,22094657.0,6.44
899,CHK,24481847.0,6.32
900,CHK,37658822.0,6.08
901,CHK,20982639.0,6.1
902,CHK,36586713.0,6.08
903,CHK,45479679.0,5.92
904,CHK,98640096.0,5.75
905,CHK,58751214.0,5.66
906,CHK,46644599.0,5.62
907,CHK,38134836.0,5.45
908,CHK,35531563.0,5.57
909,CHK,47713381.0,5.36
910,CHK,32818254.0,5.32
911,CHK,34035188.0,5.35
912,CHK,28936564.0,5.26
913,CHK,65553219.0,4.94
914,CHK,51048378.0,5.13
915,CHK,38042310.0,5.15
916,CHK,30986911.0,5.33
917,CHK,36130856.0,5.24
918,CHK,36035054.0,5.45
919,CHK,29209334.0,5.45
920,CHK,42125829.0,5.29
921,CHK,24882403.0,5.18
922,CHK,28774222.0,5.07
923,CHK,27661723.0,5.0
924,CHK,40379987.0,5.09
925,CHK,30806322.0,5.22
926,CHK,30975198.0,5.16
927,CHK,41382604.0,5.39
928,CHK,65130575.0,5.81
929,CHK,53223237.0,5.85
930,CHK,28779954.0,5.94
931,CHK,33295887.0,5.92
932,CHK,73223409.0,6.32
933,CHK,81982952.0,6.11
934,CHK,53003587.0,6.28
935,CHK,32882704.0,6.2
936,CHK,29375831.0,6.23
937,CHK,33823869.0,6.18
938,CHK,43048572.0,6.15
939,CHK,37748604.0,5.89
940,CHK,49922457.0,5.69
941,CHK,30798398.0,5.66
942,CHK,40026097.0,5.5
943,CHK,28142190.0,5.56
944,CHK,33414829.0,5.52
945,CHK,43445984.0,5.38
946,CHK,40015390.0,5.505
947,CHK,37426522.0,5.47
948,CHK,53053330.0,5.29
949,CHK,30989739.0,5.26
950,CHK,17574435.0,5.31
951,CHK,28709979.0,5.32
952,CHK,62955991.0,5.54
953,CHK,99635304.0,5.13
954,CHK,61779988.0,5.46
955,CHK,39189470.0,5.55
956,CHK,39054808.0,5.4
957,CHK,47391243.0,5.75
958,CHK,35697388.0,5.72
959,CHK,19787852.0,5.63
960,CHK,37888568.0,5.57
961,CHK,29872877.0,5.54
962,CHK,30926118.0,5.49
963,CHK,26392273.0,5.57
964,CHK,34713598.0,5.78
965,CHK,25840329.0,5.73
966,CHK,19637639.0,5.67
967,CHK,32020242.0,5.55
968,CHK,56786283.0,5.18
969,CHK,28592215.0,5.29
970,CHK,37924197.0,5.1
971,CHK,64096753.0,5.06
972,CHK,35132299.0,5.1
973,CHK,46702713.0,4.96
974,CHK,30049549.0,4.89
975,CHK,50553531.0,5.04
976,CHK,55911656.0,4.8
977,CHK,36625661.0,4.74
978,CHK,46336733.0,4.97
979,CHK,40563873.0,5.06
980,CHK,36316235.0,5.28
981,CHK,44301843.0,5.02
982,CHK,31312156.0,5.0
983,CHK,33262917.0,5.1
984,CHK,34644070.0,4.99
985,CHK,38350021.0,4.91
986,CHK,79800493.0,4.52
987,CHK,29776639.0,4.5
988,CHK,40419205.0,4.57
989,CHK,28926455.0,4.67
990,CHK,34271738.0,4.8
991,CHK,26268178.0,4.86
992,CHK,35348400.0,4.96
993,CHK,27846728.0,4.97
994,CHK,15380715.0,5.12
995,CHK,39808553.0,4.78
996,CHK,36666631.0,4.66
997,CHK,33452909.0,4.54
998,CHK,27307001.0,4.66
999,CHK,20340387.0,4.72
1000,CHK,32718031.0,4.67
1001,CHK,22312947.0,4.78
1002,CHK,21937979.0,4.87
1003,CHK,14532935.0,4.85
1004,CHK,23989801.0,4.76
1005,CHK,24065941.0,4.96
1006,CHK,24420567.0,4.84
1007,CHK,31469145.0,4.69
1008,CHK,20111420.0,4.66
1009,CHK,37815073.0,4.85
1010,CHK,27344999.0,4.84
1011,CHK,43526087.0,5.06
1012,CHK,41532922.0,5.06
1013,CHK,31471978.0,4.96
1014,CHK,35107018.0,4.79
1015,CHK,44036482.0,4.62
1016,CHK,63976372.0,4.5
1017,CHK,31874869.0,4.53
1018,CHK,37136328.0,4.35
1019,CHK,27391744.0,4.4
1020,CHK,25953617.0,4.37
1021,CHK,46412389.0,4.14
1022,CHK,32218611.0,4.14
1023,CHK,19323136.0,4.07
1024,CHK,39124784.0,3.98
1025,CHK,32290405.0,4.0
1026,CHK,36001912.0,3.88
1027,CHK,33995779.0,3.96
1028,CHK,25633596.0,3.82
1029,CHK,21567223.0,3.85
1030,CHK,28342471.0,3.89
1031,CHK,31668761.0,3.86
1032,CHK,44903956.0,3.79
1033,CHK,40367327.0,3.65
1034,CHK,26950002.0,3.64
1035,CHK,23352857.0,3.61
1036,CHK,28115945.0,3.64
1037,CHK,21917578.0,3.76
1038,CHK,31301476.0,3.7
1039,CHK,22998913.0,3.76
1040,CHK,22652729.0,3.87
1041,CHK,39506176.0,3.64
1042,CHK,22738790.0,3.63
1043,CHK,32477691.0,3.74
1044,CHK,49646778.0,3.94
1045,CHK,44833072.0,4.1
1046,CHK,66619131.0,4.0
1047,CHK,29222626.0,4.05
1048,CHK,19006418.0,4.04
1049,CHK,38684988.0,4.19
1050,CHK,21201655.0,4.17
1051,CHK,18522620.0,4.22
1052,CHK,29074011.0,4.37
1053,CHK,29734120.0,4.37
1054,CHK,30586175.0,4.42
1055,CHK,33261679.0,4.35
1056,CHK,22788742.0,4.3
1057,CHK,24737546.0,4.35
1058,CHK,19720893.0,4.29
1059,CHK,16923346.0,4.27
1060,CHK,21176880.0,4.3
1061,CHK,20688779.0,4.2
1062,CHK,10838156.0,4.19
1063,CHK,42975806.0,3.91
1064,CHK,31772499.0,3.95
1065,CHK,26680649.0,3.85
1066,CHK,15932467.0,3.88
1067,CHK,14101695.0,3.82
1068,CHK,19242146.0,3.78
1069,CHK,19419870.0,3.77
1070,CHK,23836096.0,3.84
1071,CHK,15391507.0,3.8
1072,CHK,21112366.0,3.61
1073,CHK,21232107.0,3.65
1074,CHK,27624075.0,3.56
1075,CHK,23537711.0,3.53
1076,CHK,34982408.0,3.77
1077,CHK,28770281.0,3.84
1078,CHK,21421849.0,3.9
1079,CHK,31391038.0,3.96
1080,CHK,43304876.0,3.66
1081,CHK,29055348.0,3.74
1082,CHK,49729060.0,4.18
1083,CHK,25200828.0,4.18
1084,CHK,28423513.0,4.11
1085,CHK,23392382.0,4.14
1086,CHK,26862458.0,4.15
1087,CHK,29795232.0,3.94
1088,CHK,21121607.0,3.85
1089,CHK,18893985.0,3.85
1090,CHK,21734935.0,4.02
1091,CHK,24034516.0,3.87
1092,CHK,20288318.0,3.81
1093,CHK,19155033.0,3.97
1094,CHK,13086937.0,3.92
1095,CHK,17859430.0,3.81
1096,CHK,12706654.0,3.87
1097,CHK,33364493.0,4.05
1098,CHK,40852704.0,4.07
1099,CHK,26783495.0,4.09
1100,CHK,20505204.0,3.95
1101,CHK,21699841.0,3.92
1102,CHK,27730266.0,3.77
1103,CHK,28112808.0,3.7
1104,CHK,29929686.0,3.68
1105,CHK,23957014.0,3.83
1106,CHK,24379131.0,3.81
1107,CHK,16827416.0,3.72
1108,CHK,25301775.0,3.64
1109,CHK,40641913.0,3.51
1110,CHK,29880772.0,3.69
1111,CHK,19392887.0,3.61
1112,CHK,24189022.0,3.78
1113,CHK,24095629.0,3.84
1114,CHK,20147379.0,3.85
1115,CHK,18534548.0,4.0
1116,CHK,19386596.0,3.88
1117,CHK,30438340.0,4.04
1118,CHK,23948720.0,3.96
1119,CHK,35157667.0,4.1
1120,CHK,30242803.0,4.07
1121,CHK,33702367.0,4.05
1122,CHK,33487009.0,3.99
1123,CHK,20846606.0,3.97
1124,CHK,28452900.0,4.05
1125,CHK,50960998.0,4.0
1126,CHK,55586287.0,4.19
1127,CHK,33152887.0,4.28
1128,CHK,32575300.0,4.14
1129,CHK,32859081.0,4.09
1130,CHK,23348127.0,3.99
1131,CHK,22355359.0,3.95
1132,CHK,28247415.0,3.97
1133,CHK,29358055.0,4.07
1134,CHK,29062793.0,4.08
1135,CHK,32710854.0,3.96
1136,CHK,20659935.0,4.0
1137,CHK,26555816.0,3.88
1138,CHK,58456297.0,3.63
1139,CHK,42814199.0,3.5
1140,CHK,50619101.0,3.46
1141,CHK,42889438.0,3.33
1142,CHK,51492896.0,3.09
1143,CHK,46724634.0,3.13
1144,CHK,70769168.0,2.89
1145,CHK,33592516.0,2.82
1146,CHK,66305726.0,2.85
1147,CHK,32834052.0,2.85
1148,CHK,30901157.0,2.74
1149,CHK,26859155.0,2.8
1150,CHK,27501484.0,2.86
1151,CHK,28935403.0,2.73
1152,CHK,21174367.0,2.77
1153,CHK,35918131.0,2.63
1154,CHK,130067771.0,3.2
1155,CHK,78298613.0,3.2
1156,CHK,38124627.0,3.21
1157,CHK,38849307.0,3.06
1158,CHK,53186044.0,2.82
1159,CSCO,22370578.0,29.484965671049
1160,CSCO,22280992.0,29.311183948037
1161,CSCO,18372532.0,29.379349492102
1162,CSCO,15923243.0,29.437777101301
1163,CSCO,17178503.0,29.389087426968
1164,CSCO,21046041.0,29.583846124297
1165,CSCO,22291322.0,29.359873622369
1166,CSCO,18611107.0,29.252756338838
1167,CSCO,17136585.0,29.281970143437
1168,CSCO,21983537.0,29.204066664506
1169,CSCO,15724040.0,29.243018403971
1170,CSCO,16866005.0,29.194328729639
1171,CSCO,22754366.0,29.311183948037
1172,CSCO,17155297.0,29.476728840766
1173,CSCO,24934210.0,29.79808069136
1174,CSCO,25095890.0,29.895460040024
1175,CSCO,20116824.0,29.93441177949
1176,CSCO,18461937.0,30.168122216285
1177,CSCO,15481798.0,30.022053193288
1178,CSCO,16603050.0,29.914935909757
1179,CSCO,19504565.0,29.700701342695
1180,CSCO,27456740.0,30.362880913614
1181,CSCO,21288832.0,30.499212001744
1182,CSCO,16774244.0,30.479736132012
1183,CSCO,18420153.0,30.625805155008
1184,CSCO,20434263.0,30.450522327412
1185,CSCO,18706857.0,30.674494829341
1186,CSCO,21557725.0,30.684232764207
1187,CSCO,26518836.0,31.132177768064
1188,CSCO,31463500.0,31.463267553524
1189,CSCO,41169445.0,31.959902231713
1190,CSCO,50143661.0,32.719461151297
1191,CSCO,31841239.0,32.855792239427
1192,CSCO,26992666.0,33.235571699219
1193,CSCO,26632725.0,33.196619959753
1194,CSCO,17450074.0,33.147930285421
1195,CSCO,21137311.0,33.420592461682
1196,CSCO,15625416.0,33.362164852483
1197,CSCO,23093057.0,33.284261373551
1198,CSCO,22754181.0,33.537447680079
1199,CSCO,16137699.0,33.488758005747
1200,CSCO,14206428.0,33.391378657082
1201,CSCO,17605072.0,33.293999308418
1202,CSCO,21033740.0,33.303737243284
1203,CSCO,18686747.0,33.128454415688
1204,CSCO,17490190.0,33.17714409002
1205,CSCO,19038351.0,33.362164852483
1206,CSCO,16164809.0,33.20635789462
1207,CSCO,14578391.0,33.225833764352
1208,CSCO,14961684.0,33.34268898275
1209,CSCO,14521636.0,33.332951047884
1210,CSCO,26787248.0,33.332951047884
1211,CSCO,14974096.0,33.381640722216
1212,CSCO,21405952.0,32.992123327558
1213,CSCO,16646087.0,33.20635789462
1214,CSCO,16709307.0,33.070026806489
1215,CSCO,18125090.0,33.186882024887
1216,CSCO,17740630.0,33.099240611089
1217,CSCO,21179311.0,33.128454415688
1218,CSCO,16504103.0,32.855792239427
1219,CSCO,12801588.0,32.855792239427
1220,CSCO,14038491.0,32.914219848626
1221,CSCO,19367794.0,32.699985281564
1222,CSCO,18602627.0,32.816840499961
1223,CSCO,17572539.0,32.414119619836
1224,CSCO,15316812.0,32.492699303763
1225,CSCO,13928166.0,32.374829777873
1226,CSCO,14824148.0,32.423942080327
1227,CSCO,18945836.0,32.335539935909
1228,CSCO,25455074.0,32.040866121183
1229,CSCO,16234866.0,31.844416911366
1230,CSCO,11961203.0,32.031043660693
1231,CSCO,13349601.0,32.089978423638
1232,CSCO,16373804.0,32.070333502656
1233,CSCO,11927466.0,32.247137791491
1234,CSCO,13877681.0,32.237315331001
1235,CSCO,15379635.0,32.68914851358
1236,CSCO,14823502.0,32.826662960452
1237,CSCO,15558064.0,32.80701803947
1238,CSCO,26143530.0,33.150804156651
1239,CSCO,19738533.0,33.455300431867
1240,CSCO,13233720.0,33.361987057204
1241,CSCO,14139327.0,33.622282260212
1242,CSCO,14235734.0,33.641927181193
1243,CSCO,13621120.0,33.573169957757
1244,CSCO,14632151.0,33.779441628066
1245,CSCO,13121916.0,33.681217023157
1246,CSCO,18342556.0,33.298141064013
1247,CSCO,17203603.0,33.14098169616
1248,CSCO,16374518.0,33.03293463076
1249,CSCO,19979562.0,32.856130341925
1250,CSCO,30393357.0,33.622282260212
1251,CSCO,18667713.0,33.691039483648
1252,CSCO,33638700.0,33.229383840577
1253,CSCO,84684448.0,30.822881020317
1254,CSCO,38397740.0,30.655899191972
1255,CSCO,34678962.0,31.029152690625
1256,CSCO,29564336.0,31.196134518969
1257,CSCO,23279197.0,30.930928085716
1258,CSCO,21405376.0,30.881815783262
1259,CSCO,16289783.0,30.940750546207
1260,CSCO,16792437.0,31.117554835043
1261,CSCO,29044645.0,30.97021792768
1262,CSCO,15397418.0,31.255069281915
1263,CSCO,19978713.0,31.412228649768
1264,CSCO,15581429.0,31.196134518969
1265,CSCO,15987734.0,30.999685309152
1266,CSCO,14417549.0,31.048797611607
1267,CSCO,19877271.0,31.053708841852
1268,CSCO,25031675.0,30.813058559826
1269,CSCO,24330382.0,30.69027780369
1270,CSCO,27251001.0,31.137199756024
1271,CSCO,24850713.0,31.038975151116
1272,CSCO,19110962.0,31.019428454739
1273,CSCO,33785850.0,31.058718296702
1274,CSCO,16753701.0,31.422051110259
1275,CSCO,17859664.0,31.284536663387
1276,CSCO,20103067.0,31.274714202896
1277,CSCO,19194637.0,31.284536663387
1278,CSCO,23006424.0,31.530098175659
1279,CSCO,21409287.0,31.667612622531
1280,CSCO,23092594.0,31.196134518969
1281,CSCO,17587686.0,31.510453254677
1282,CSCO,26891695.0,30.852348401789
1283,CSCO,22981379.0,30.74430133639
1284,CSCO,14111474.0,30.773768717863
1285,CSCO,23391894.0,30.842525941299
1286,CSCO,20456451.0,30.460836050993
1287,CSCO,15221015.0,30.634331455677
1288,CSCO,15193572.0,30.713643640676
1289,CSCO,12253478.0,30.822697895049
1290,CSCO,18428809.0,30.892096056923
1291,CSCO,15870454.0,31.001150311296
1292,CSCO,13261554.0,31.149860658168
1293,CSCO,16012951.0,31.229172843166
1294,CSCO,15366450.0,31.239086866291
1295,CSCO,21369697.0,31.625733768159
1296,CSCO,15917114.0,31.58607767566
1297,CSCO,13271427.0,31.56624962941
1298,CSCO,15232167.0,31.58607767566
1299,CSCO,14848920.0,31.843842276905
1300,CSCO,21472799.0,31.387797213163
1301,CSCO,21224338.0,31.29857100504
1302,CSCO,15509841.0,31.249000889416
1303,CSCO,18534978.0,31.179602727542
1304,CSCO,12727298.0,31.377883190039
1305,CSCO,15797711.0,31.249000889416
1306,CSCO,13884046.0,31.288656981915
1307,CSCO,16322686.0,31.526593536911
1308,CSCO,11730203.0,31.56624962941
1309,CSCO,13632423.0,31.397711236288
1310,CSCO,15931711.0,31.348141120664
1311,CSCO,22748854.0,30.733471686926
1312,CSCO,20521935.0,31.199430773792
1313,CSCO,21605411.0,31.56624962941
1314,CSCO,24406258.0,31.81410020753
1315,CSCO,27088237.0,32.061950785651
1316,CSCO,51557052.0,30.773127779425
1317,CSCO,34622147.0,30.108888230062
1318,CSCO,24025228.0,30.416222946932
1319,CSCO,24438367.0,31.001150311296
1320,CSCO,22269978.0,30.654159501927
1321,CSCO,21867401.0,30.971408241921
1322,CSCO,19351094.0,31.169688704417
1323,CSCO,12747867.0,31.268828935666
1324,CSCO,16192694.0,31.209344796917
1325,CSCO,23028578.0,31.714959976282
1326,CSCO,27138172.0,31.933068485028
1327,CSCO,14661162.0,32.042122739401
1328,CSCO,24327663.0,31.348141120664
1329,CSCO,16380030.0,31.595991698784
1330,CSCO,14611809.0,31.486937444412
1331,CSCO,15115756.0,31.209344796917
1332,CSCO,21365590.0,31.928111473466
1333,CSCO,18510454.0,32.131348947524
1334,CSCO,21872095.0,31.903326415654
1335,CSCO,17711003.0,31.913240438779
1336,CSCO,27708447.0,32.161091016899
1337,CSCO,17035443.0,32.240403201897
1338,CSCO,12424056.0,32.210661132523
1339,CSCO,18701702.0,32.319715386896
1340,CSCO,19762651.0,32.418855618144
1341,CSCO,27904695.0,33.083095167507
1342,CSCO,30475969.0,33.430085976875
1343,CSCO,25835270.0,33.469742069374
1344,CSCO,21687593.0,33.19214942188
1345,CSCO,14689819.0,33.063267121257
1346,CSCO,14419404.0,33.340859768752
1347,CSCO,16443224.0,33.45982804625
1348,CSCO,13159079.0,33.558968277498
1349,CSCO,14606016.0,33.44
1350,CSCO,14301206.0,33.59
1351,CSCO,13438950.0,33.75
1352,CSCO,8684822.0,33.76
1353,CSCO,17978700.0,33.55
1354,CSCO,12353462.0,33.59
1355,CSCO,17811160.0,33.26
1356,CSCO,13451108.0,33.47
1357,CSCO,10469019.0,33.54
1358,CSCO,8633089.0,33.6
1359,CSCO,9739887.0,33.55
1360,CSCO,12928532.0,33.75
1361,CSCO,24055347.0,34.25
1362,CSCO,22490134.0,34.35
1363,CSCO,15273905.0,34.58
1364,CSCO,17012218.0,34.3
1365,CSCO,14541155.0,34.27
1366,CSCO,20237956.0,34.43
1367,CSCO,18241531.0,34.04
1368,CSCO,13544441.0,34.15
1369,CSCO,21831973.0,34.62
1370,CSCO,19647242.0,34.21
1371,CSCO,13293171.0,34.47
1372,CSCO,12725467.0,34.41
1373,CSCO,10980008.0,34.4
1374,CSCO,16266161.0,34.05
1375,CSCO,19003147.0,33.99
1376,CSCO,15608341.0,33.95
1377,CSCO,15540925.0,34.04
1378,CSCO,27797071.0,34.11
1379,CSCO,59861205.0,35.88
1380,CSCO,27106406.0,35.9
1381,CSCO,26376364.0,36.5
1382,CSCO,23986203.0,36.65
1383,CSCO,16650130.0,36.45
1384,CSCO,6155294.0,36.49
1385,CSCO,20667352.0,36.87
1386,CSCO,30097816.0,37.73
1387,CSCO,36640805.0,37.48
1388,CSCO,28692862.0,37.3
1389,CSCO,26851147.0,37.6
1390,CSCO,29006129.0,37.72
1391,CSCO,22743474.0,37.31
1392,CSCO,16312845.0,37.41
1393,CSCO,15189086.0,37.4
1394,CSCO,13777371.0,37.61
1395,CSCO,15619388.0,37.96
1396,CSCO,16451320.0,37.91
1397,CSCO,19934529.0,38.15
1398,CSCO,16556403.0,37.9
1399,CSCO,36491640.0,38.19
1400,CSCO,21036306.0,38.48
1401,CSCO,18478762.0,38.3
1402,CSCO,18701741.0,38.74
1403,CSCO,16188471.0,38.53
1404,CSCO,11120656.0,38.55
1405,CSCO,8148042.0,38.48
1406,CSCO,10262927.0,38.56
1407,CSCO,8662664.0,38.59
1408,CSCO,12359455.0,38.3
1409,CSCO,19972431.0,38.86
1410,CSCO,29066090.0,39.17
1411,CSCO,20606344.0,38.99
1412,CSCO,24369510.0,39.53
1413,CSCO,16511704.0,39.94
1414,CSCO,21339760.0,39.69
1415,CSCO,19110146.0,39.91
1416,CSCO,20178596.0,40.1
1417,CSCO,22962700.0,40.87
1418,CSCO,32273879.0,40.54
1419,CSCO,23612126.0,41.2
1420,CSCO,17450956.0,41.3
1421,CSCO,23554383.0,41.29
1422,CSCO,21794682.0,41.66
1423,CSCO,21069503.0,42.1
1424,CSCO,25739984.0,42.17
1425,CSCO,18610206.0,41.9
1426,CSCO,22637421.0,42.56
1427,CSCO,23053104.0,42.85
1428,CSCO,25671649.0,42.25
1429,CSCO,34571282.0,41.54
1430,CSCO,26001606.0,41.7
1431,CSCO,25920378.0,40.93
1432,CSCO,39491216.0,39.09
1433,CSCO,52940550.0,40.17
1434,CSCO,31841942.0,40.34
1435,CSCO,39300118.0,38.73
1436,CSCO,47947702.0,39.51
1437,CSCO,37320696.0,40.6
1438,CSCO,29220084.0,41.23
1439,CSCO,39880261.0,42.09
1440,CSCO,71490591.0,44.08
1441,CSCO,37915915.0,44.33
1442,CSCO,26258211.0,44.06
1443,CSCO,27128222.0,43.31
1444,CSCO,25627449.0,42.94
1445,CSCO,24855689.0,44.0
1446,CSCO,27226705.0,45.36
1447,CSCO,26887782.0,45.04
1448,CSCO,26346609.0,44.78
1449,F,40510821.0,11.92313515565
1450,F,77631929.0,12.472413820485
1451,F,75614823.0,12.093600948185
1452,F,40315887.0,12.084130626378
1453,F,39425043.0,11.96101644288
1454,F,58703537.0,12.169363522645
1455,F,49718725.0,11.99889773011
1456,F,36485524.0,11.92313515565
1457,F,29192045.0,11.96101644288
1458,F,49069459.0,11.942075799265
1459,F,33825245.0,11.942075799265
1460,F,30135566.0,11.961321690964
1461,F,29241669.0,11.893961070017
1462,F,31661525.0,11.84584634077
1463,F,34625204.0,12.134534716256
1464,F,46747840.0,12.307747741547
1465,F,55623649.0,11.903584015867
1466,F,34613088.0,12.019059366061
1467,F,39253063.0,11.903584015867
1468,F,46963079.0,11.893961070017
1469,F,44389482.0,11.855469286619
1470,F,29035383.0,11.816977503221
1471,F,38236151.0,12.086419987008
1472,F,26916382.0,12.04792820361
1473,F,32913338.0,11.874715178318
1474,F,26400517.0,11.913206961716
1475,F,32924624.0,11.913206961716
1476,F,32996465.0,12.03830525776
1477,F,24473996.0,12.086419987008
1478,F,28352567.0,12.173026499654
1479,F,25114438.0,12.153780607955
1480,F,22896525.0,12.067174095309
1481,F,26401755.0,12.105665878707
1482,F,29155281.0,12.211518283052
1483,F,24787512.0,12.192272391353
1484,F,22520597.0,12.086419987008
1485,F,40817295.0,11.999813474362
1486,F,41706811.0,12.182649445503
1487,F,36086533.0,12.057551149459
1488,F,36178588.0,12.211518283052
1489,F,33244226.0,12.182649445503
1490,F,30493532.0,12.173026499654
1491,F,28753623.0,12.04792820361
1492,F,25875059.0,11.990190528513
1493,F,27327834.0,12.057551149459
1494,F,29149095.0,12.028682311911
1495,F,34862876.0,12.057551149459
1496,F,22625831.0,12.067174095309
1497,F,26956658.0,12.076797041158
1498,F,34296197.0,12.173026499654
1499,F,28954694.0,12.221141228901
1500,F,54929115.0,12.009436420212
1501,F,45329650.0,11.816977503221
1502,F,101559879.0,11.278092535648
1503,F,71107861.0,11.326207264895
1504,F,71209260.0,11.2299778064
1505,F,43769957.0,11.181863077152
1506,F,57713419.0,11.02789594356
1507,F,57621015.0,11.210731914701
1508,F,35795737.0,11.239600752249
1509,F,28008241.0,11.239600752249
1510,F,26717520.0,11.201108968851
1511,F,65660939.0,11.008650051861
1512,F,40059333.0,10.941289430914
1513,F,43316140.0,10.835437026569
1514,F,36165281.0,10.845059972419
1515,F,28864243.0,10.806568189021
1516,F,25857108.0,10.82581408072
1517,F,36361406.0,10.854682918268
1518,F,56588425.0,10.806568189021
1519,F,32789905.0,10.691092838826
1520,F,44731735.0,10.854682918268
1521,F,35659989.0,10.864305864118
1522,F,37524445.0,10.913068457763
1523,F,49980064.0,11.186138982175
1524,F,26076186.0,11.059356238698
1525,F,41071326.0,11.147128907259
1526,F,35505199.0,11.195891500904
1527,F,51275058.0,11.312921725652
1528,F,49909744.0,11.186138982175
1529,F,41133033.0,11.186138982175
1530,F,31901646.0,11.13737638853
1531,F,94227515.0,10.64975045208
1532,F,51899795.0,10.796038233015
1533,F,34295704.0,10.727770601912
1534,F,28737341.0,10.864305864118
1535,F,35379419.0,10.854553345389
1536,F,44084202.0,10.883810901576
1537,F,34961385.0,10.766780676828
1538,F,28772803.0,10.737523120641
1539,F,33550391.0,10.64975045208
1540,F,26932040.0,10.669255489538
1541,F,41932873.0,10.669255489538
1542,F,54310504.0,10.493710152415
1543,F,37325147.0,10.522967708602
1544,F,32329969.0,10.600987858435
1545,F,72821430.0,10.825295789202
1546,F,40741464.0,10.776533195557
1547,F,46638775.0,10.688760526996
1548,F,46139723.0,10.591235339706
1549,F,28116730.0,10.659502970809
1550,F,35844608.0,10.805790751744
1551,F,35889514.0,10.84480082666
1552,F,76556897.0,11.127623869801
1553,F,45899295.0,11.069108757427
1554,F,42351830.0,10.971583570137
1555,F,44466362.0,10.84480082666
1556,F,37264805.0,10.796038233015
1557,F,40654040.0,10.825295789202
1558,F,30187266.0,10.854553345389
1559,F,38333755.0,11.000841126324
1560,F,29810013.0,10.991088607595
1561,F,44180215.0,10.94232601395
1562,F,27777082.0,10.961831051408
1563,F,51392531.0,10.94232601395
1564,F,30431523.0,10.961831051408
1565,F,31825624.0,10.84480082666
1566,F,35908008.0,10.766780676828
1567,F,26925262.0,10.854553345389
1568,F,44758873.0,10.766780676828
1569,F,31289108.0,10.903315939034
1570,F,28454385.0,10.805790751744
1571,F,31800664.0,10.815543270473
1572,F,31097566.0,10.893563420305
1573,F,40753331.0,10.913068457763
1574,F,43948678.0,11.273911650736
1575,F,39176191.0,11.020346163782
1576,F,31623250.0,10.903315939034
1577,F,20228302.0,10.981336088866
1578,F,18842220.0,11.059356238698
1579,F,25878819.0,11.098366313614
1580,F,33016943.0,11.186138982175
1581,F,33428336.0,11.312921725652
1582,F,39526457.0,11.390941875484
1583,F,24361564.0,11.449456987858
1584,F,24611755.0,11.459209506587
1585,F,26144010.0,11.53722965642
1586,F,29627820.0,11.556734693878
1587,F,27521900.0,11.388816326531
1588,F,47901342.0,11.151755102041
1589,F,52289910.0,11.132
1590,F,71786881.0,10.924571428571
1591,F,37859592.0,11.043102040816
1592,F,24355434.0,11.033224489796
1593,F,39368288.0,11.082612244898
1594,F,64993885.0,10.815918367347
1595,F,30809228.0,10.865306122449
1596,F,20187333.0,10.796163265306
1597,F,29226342.0,10.815918367347
1598,F,34920187.0,10.786285714286
1599,F,25907656.0,10.756653061224
1600,F,31999221.0,10.786285714286
1601,F,31714230.0,10.63812244898
1602,F,32134748.0,10.63812244898
1603,F,25936886.0,10.776408163265
1604,F,28697335.0,10.707265306122
1605,F,27949465.0,10.667755102041
1606,F,34821644.0,10.509714285714
1607,F,43178110.0,10.430693877551
1608,F,29057067.0,10.440571428571
1609,F,28384403.0,10.519591836735
1610,F,35065306.0,10.578857142857
1611,F,33284434.0,10.578857142857
1612,F,35600564.0,10.687510204082
1613,F,21921685.0,10.65787755102
1614,F,29680097.0,10.707265306122
1615,F,23272742.0,10.806040816327
1616,F,53581592.0,10.89493877551
1617,F,64336525.0,11.211020408163
1618,F,44000160.0,11.220897959184
1619,F,42721676.0,11.359183673469
1620,F,30092012.0,11.260408163265
1621,F,26467001.0,11.220897959184
1622,F,42981293.0,11.270285714286
1623,F,41122017.0,11.448081632653
1624,F,23153794.0,11.477714285714
1625,F,31415642.0,11.418448979592
1626,F,30203701.0,11.477714285714
1627,F,24531367.0,11.487591836735
1628,F,26211365.0,11.576489795918
1629,F,26056593.0,11.566612244898
1630,F,40222527.0,11.576489795918
1631,F,30098347.0,11.695020408163
1632,F,40415974.0,11.793795918367
1633,F,30508643.0,11.783918367347
1634,F,27400551.0,11.803673469388
1635,F,22187272.0,11.813551020408
1636,F,31168622.0,11.823428571429
1637,F,35975196.0,11.941959183673
1638,F,65357942.0,12.188897959184
1639,F,52612106.0,12.149387755102
1640,F,47572185.0,12.1
1641,F,35004893.0,12.159265306122
1642,F,28919504.0,12.188897959184
1643,F,39383585.0,12.238285714286
1644,F,34458525.0,12.228408163265
1645,F,45777768.0,11.971591836735
1646,F,44563367.0,11.902448979592
1647,F,32338252.0,11.971591836735
1648,F,54207764.0,12.119755102041
1649,F,30321801.0,12.040734693878
1650,F,29552200.0,12.080244897959
1651,F,28028757.0,12.1
1652,F,21468660.0,12.04
1653,F,34108276.0,12.19
1654,F,38405356.0,12.07
1655,F,46756351.0,12.27
1656,F,33744431.0,12.06
1657,F,36321150.0,12.1
1658,F,41867345.0,12.27
1659,F,43400593.0,12.35
1660,F,39384647.0,12.42
1661,F,33096611.0,12.36
1662,F,20154894.0,12.33
1663,F,41416484.0,12.16
1664,F,26052942.0,12.04
1665,F,30254556.0,12.01
1666,F,30409214.0,12.16
1667,F,24115241.0,12.02
1668,F,27943551.0,12.0
1669,F,28180747.0,12.04
1670,F,31007891.0,12.01
1671,F,32215189.0,12.13
1672,F,26751829.0,12.12
1673,F,34006793.0,12.07
1674,F,9549629.0,12.1
1675,F,28518142.0,12.11
1676,F,32540990.0,12.21
1677,F,62183782.0,12.56
1678,F,46742714.0,12.52
1679,F,52431695.0,12.58
1680,F,39394346.0,12.63
1681,F,44378959.0,12.43
1682,F,25879892.0,12.38
1683,F,25404223.0,12.53
1684,F,21217510.0,12.61
1685,F,42574018.0,12.58
1686,F,52978559.0,12.6
1687,F,31753369.0,12.63
1688,F,36255610.0,12.46
1689,F,47383835.0,12.58
1690,F,24336819.0,12.66
1691,F,22329158.0,12.69
1692,F,18953008.0,12.72
1693,F,20599414.0,12.63
1694,F,17829251.0,12.58
1695,F,11422717.0,12.6
1696,F,16285381.0,12.5
1697,F,14398900.0,12.58
1698,F,18084247.0,12.49
1699,F,19363635.0,12.66
1700,F,29727425.0,12.76
1701,F,36950722.0,12.98
1702,F,46055496.0,13.2
1703,F,33001367.0,13.15
1704,F,27849273.0,13.08
1705,F,56481303.0,13.03
1706,F,27392397.0,13.16
1707,F,56670361.0,13.23
1708,F,51999014.0,13.1
1709,F,130855595.0,12.18
1710,F,63714437.0,12.07
1711,F,50952518.0,12.0
1712,F,51313140.0,12.02
1713,F,51519899.0,11.96
1714,F,63229276.0,12.05
1715,F,114628291.0,11.57
1716,F,51954856.0,11.65
1717,F,54162248.0,11.12
1718,F,51874523.0,11.06
1719,F,57017161.0,10.97
1720,F,41314373.0,10.92
1721,F,72107397.0,10.71
1722,F,95955882.0,10.24
1723,F,119182901.0,10.76
1724,F,67900092.0,10.76
1725,F,72017606.0,10.43
1726,F,71878374.0,10.53
1727,F,48938097.0,10.7
1728,F,36445070.0,10.59
1729,F,27666066.0,10.74
1730,F,28151939.0,10.76
1731,F,40881438.0,10.61
1732,F,27543983.0,10.63
1733,F,35889164.0,10.6
1734,F,25117902.0,10.63
1735,F,21406094.0,10.7
1736,F,27038527.0,10.89
1737,F,42972835.0,10.61
1738,F,41225487.0,10.61
1739,GE,32149537.0,30.870473498417
1740,GE,21438996.0,30.880214891127
1741,GE,25856523.0,30.704869822345
1742,GE,22120800.0,30.792542356736
1743,GE,21262120.0,30.646421466084
1744,GE,27202526.0,30.558748931693
1745,GE,28385102.0,30.656162858794
1746,GE,29915878.0,30.578231717113
1747,GE,24319257.0,30.549007538983
1748,GE,28827307.0,30.461335004592
1749,GE,24701160.0,30.422369433751
1750,GE,37697856.0,30.402886648331
1751,GE,83262893.0,29.740471944042
1752,GE,59089325.0,28.980643312651
1753,GE,33686501.0,29.224178130405
1754,GE,38131702.0,29.58460966068
1755,GE,26766037.0,29.535902697129
1756,GE,30001614.0,29.233919523115
1757,GE,26211305.0,29.185212559564
1758,GE,38700781.0,28.9319363491
1759,GE,25681087.0,28.92219495639
1760,GE,21709543.0,28.91245356368
1761,GE,31103665.0,28.9319363491
1762,GE,23722777.0,28.89297077826
1763,GE,23775769.0,28.795556851159
1764,GE,32160231.0,28.668918745927
1765,GE,21665972.0,28.824781029289
1766,GE,22787056.0,28.951419134521
1767,GE,37020015.0,29.263143701245
1768,GE,35026059.0,29.496937126288
1769,GE,25472282.0,29.565126875259
1770,GE,25932515.0,29.662540802361
1771,GE,21847825.0,29.58460966068
1772,GE,30238000.0,29.730730551332
1773,GE,30124503.0,29.545644089839
1774,GE,28947909.0,29.477454340868
1775,GE,27320073.0,29.644381963718
1776,GE,23551151.0,29.398900165409
1777,GE,39106735.0,29.271249630289
1778,GE,36882966.0,29.644381963718
1779,GE,27640045.0,29.644381963718
1780,GE,19994647.0,29.575647060191
1781,GE,23420603.0,29.457815797003
1782,GE,29968418.0,29.320345989951
1783,GE,32308399.0,29.261430358357
1784,GE,25940215.0,29.123960551304
1785,GE,59201785.0,29.732755411109
1786,GE,30187808.0,29.320345989951
1787,GE,22801581.0,29.006129288116
1788,GE,25142833.0,29.222153270627
1789,GE,21207002.0,29.212333998695
1790,GE,43638968.0,29.339984533815
1791,GE,18877431.0,29.202514726763
1792,GE,26834807.0,28.858840209131
1793,GE,26000688.0,28.996310016184
1794,GE,24674960.0,29.084683463575
1795,GE,27877534.0,29.182876182898
1796,GE,28986703.0,28.907936568793
1797,GE,27833722.0,29.084683463575
1798,GE,27558771.0,29.143599095169
1799,GE,35961302.0,29.330165261883
1800,GE,50796542.0,29.261430358357
1801,GE,29912225.0,29.339984533815
1802,GE,25056918.0,29.477454340868
1803,GE,25837471.0,29.428357981206
1804,GE,21549950.0,29.389080893477
1805,GE,18973172.0,29.447996525071
1806,GE,18505150.0,29.467635068936
1807,GE,22035123.0,29.497092884733
1808,GE,27041348.0,29.23197254256
1809,GE,19998013.0,29.025767831981
1810,GE,21776555.0,29.104322007439
1811,GE,25706585.0,29.300707446086
1812,GE,26594394.0,29.457815797003
1813,GE,37066028.0,29.722936139176
1814,GE,72351353.0,29.015948560048
1815,GE,48585162.0,29.015948560048
1816,GE,39022608.0,28.917755840725
1817,GE,36606030.0,28.731189674011
1818,GE,32777918.0,28.554442779229
1819,GE,23929082.0,28.466069331838
1820,GE,23695689.0,28.416972972176
1821,GE,31475876.0,28.466069331838
1822,GE,26774100.0,28.701731858214
1823,GE,19544097.0,28.672274042417
1824,GE,16687305.0,28.691912586281
1825,GE,21584760.0,28.544623507296
1826,GE,23644067.0,28.407153700244
1827,GE,26025480.0,28.1813104458
1828,GE,27586723.0,28.34823806865
1829,GE,67907806.0,27.759081752709
1830,GE,39555728.0,27.670708305318
1831,GE,29380413.0,27.533238498266
1832,GE,51736251.0,26.914624366529
1833,GE,47368864.0,26.983359270055
1834,GE,47191581.0,27.543057770198
1835,GE,27447047.0,27.670708305318
1836,GE,22585218.0,27.768901024642
1837,GE,53699253.0,27.327033787687
1838,GE,39083389.0,26.993178541987
1839,GE,30514810.0,26.953901454258
1840,GE,36416153.0,26.865528006867
1841,GE,34713102.0,26.885166550732
1842,GE,32184711.0,27.219021796431
1843,GE,36766465.0,27.376130147348
1844,GE,43385480.0,27.474322866672
1845,GE,33652412.0,27.42522650701
1846,GE,43460995.0,27.179744708702
1847,GE,40703330.0,27.091371261311
1848,GE,25339912.0,27.435045778942
1849,GE,137723396.0,28.416972972176
1850,GE,58665462.0,27.935828647492
1851,GE,40601693.0,28.171491173868
1852,GE,47662562.0,28.652635498552
1853,GE,81036496.0,28.712039718659
1854,GE,30181300.0,28.514025651634
1855,GE,47389248.0,27.8506785271
1856,GE,33568459.0,27.504153909806
1857,GE,27013118.0,27.276437732727
1858,GE,30501125.0,27.296239139429
1859,GE,28483820.0,27.335841952834
1860,GE,41166827.0,26.939813818784
1861,GE,30759065.0,26.811104675217
1862,GE,36443559.0,26.75170045511
1863,GE,25849199.0,26.741799751758
1864,GE,20664966.0,27.177430699214
1865,GE,21082332.0,27.078423665701
1866,GE,76073149.0,26.04875051717
1867,GE,39318673.0,25.89033926355
1868,GE,44205758.0,25.781431526686
1869,GE,41147969.0,26.118055440629
1870,GE,50258212.0,26.316069507654
1871,GE,27648927.0,26.523984278031
1872,GE,20885821.0,26.514083574679
1873,GE,27663604.0,26.553686388084
1874,GE,25337255.0,26.622991311543
1875,GE,24587725.0,26.6724948283
1876,GE,54488875.0,26.424977244518
1877,GE,90331358.0,25.65272238312
1878,GE,56593796.0,25.177488622259
1879,GE,45779612.0,25.18738932561
1880,GE,40310853.0,25.335899875879
1881,GE,39700662.0,25.533913942904
1882,GE,28137073.0,25.276495655772
1883,GE,30419275.0,25.355701282582
1884,GE,41834789.0,25.18738932561
1885,GE,26843630.0,25.26659495242
1886,GE,30011368.0,25.504211832851
1887,GE,23304936.0,25.524013239553
1888,GE,18825183.0,25.375502689284
1889,GE,26993978.0,25.306197765825
1890,GE,29470006.0,25.454708316094
1891,GE,29440644.0,25.048779478693
1892,GE,18982525.0,24.94977244518
1893,GE,24022187.0,25.1081836988
1894,GE,27145520.0,24.890368225072
1895,GE,27058038.0,24.850765411667
1896,GE,30562659.0,24.504240794373
1897,GE,33470343.0,24.306226727348
1898,GE,45501831.0,24.24682250724
1899,GE,29762966.0,24.355730244104
1900,GE,34098068.0,24.147815473728
1901,GE,25411832.0,24.058709143566
1902,GE,22473035.0,24.24682250724
1903,GE,23587325.0,24.227021100538
1904,GE,23888401.0,24.197318990484
1905,GE,33847275.0,24.038907736864
1906,GE,54733753.0,24.306226727348
1907,GE,58574270.0,24.890368225072
1908,GE,44538436.0,24.514141497724
1909,GE,54331571.0,24.672552751345
1910,GE,78725933.0,23.781489449731
1911,GE,44456251.0,23.583475382706
1912,GE,42487468.0,23.484468349193
1913,GE,49543718.0,23.672581712867
1914,GE,38432062.0,23.870595779892
1915,GE,41729970.0,24.019106330161
1916,GE,64992381.0,23.93
1917,GE,52451715.0,24.46
1918,GE,45154507.0,24.2
1919,GE,39397170.0,24.32
1920,GE,52056530.0,24.75
1921,GE,39504669.0,24.87
1922,GE,42140038.0,25.11
1923,GE,38531096.0,24.93
1924,GE,56200617.0,24.37
1925,GE,35980297.0,24.24
1926,GE,33558929.0,24.18
1927,GE,42336319.0,24.57
1928,GE,33840204.0,24.8
1929,GE,32067551.0,24.48
1930,GE,34618335.0,24.54
1931,GE,39735369.0,24.39
1932,GE,139824721.0,23.43
1933,GE,80668206.0,23.36
1934,GE,80141522.0,23.07
1935,GE,59756484.0,23.05
1936,GE,40311505.0,22.98
1937,GE,49557557.0,23.36
1938,GE,57516310.0,23.19
1939,GE,34286164.0,23.12
1940,GE,74198697.0,23.58
1941,GE,190095985.0,23.83
1942,GE,184497512.0,22.32
1943,GE,125427813.0,21.89
1944,GE,101729417.0,21.525
1945,GE,83508306.0,21.32
1946,GE,97382227.0,20.79
1947,GE,96260695.0,20.41
1948,GE,97437586.0,20.16
1949,GE,91187931.0,20.02
1950,GE,79022208.0,19.94
1951,GE,66914071.0,20.14
1952,GE,57269858.0,20.13
1953,GE,41338656.0,20.21
1954,GE,50136325.0,19.99
1955,GE,99631330.0,20.49
1956,GE,260824111.0,19.02
1957,GE,311665375.0,17.9
1958,GE,144197713.0,18.26
1959,GE,89297825.0,18.25
1960,GE,60294057.0,18.21
1961,GE,63804983.0,17.98
1962,GE,77568597.0,17.83
1963,GE,54658985.0,18.15
1964,GE,24892808.0,18.19
1965,GE,73588820.0,18.12
1966,GE,54260939.0,18.41
1967,GE,54775688.0,18.48
1968,GE,66748905.0,18.29
1969,GE,80919946.0,17.88
1970,GE,66514531.0,17.95
1971,GE,65734107.0,17.76
1972,GE,43374084.0,17.66
1973,GE,55419450.0,17.71
1974,GE,53886374.0,17.71
1975,GE,57950734.0,17.65
1976,GE,66524488.0,17.91
1977,GE,41644500.0,17.76
1978,GE,47901240.0,17.64
1979,GE,76297556.0,17.82
1980,GE,53494382.0,17.76
1981,GE,65387495.0,17.59
1982,GE,75290306.0,17.45
1983,GE,66149781.0,17.47
1984,GE,46109925.0,17.5
1985,GE,53175642.0,17.43
1986,GE,58655208.0,17.38
1987,GE,60756258.0,17.36
1988,GE,75906686.0,17.45
1989,GE,77244095.0,17.98
1990,GE,81279827.0,18.15
1991,GE,81712858.0,18.53
1992,GE,79151826.0,18.54
1993,GE,81942490.0,18.28
1994,GE,64768270.0,18.56
1995,GE,77058784.0,18.929
1996,GE,99164671.0,19.02
1997,GE,86868316.0,18.76
1998,GE,204909381.0,18.21
1999,GE,185781751.0,17.35
2000,GE,170184728.0,16.77
2001,GE,213844559.0,16.26
2002,GE,132799182.0,16.17
2003,GE,120217528.0,16.89
2004,GE,165697552.0,16.44
2005,GE,92685118.0,16.18
2006,GE,87681152.0,16.13
2007,GE,73028014.0,16.28
2008,GE,67620696.0,15.95
2009,GE,75864777.0,16.17
2010,GE,52598522.0,16.02
2011,GE,81800428.0,15.64
2012,GE,120550446.0,14.91
2013,GE,126450615.0,15.27
2014,GE,75686317.0,15.25
2015,GE,133723033.0,14.45
2016,GE,128757594.0,14.94
2017,GE,75408672.0,14.82
2018,GE,73353758.0,14.67
2019,GE,85782841.0,14.9
2020,GE,54704722.0,14.85
2021,GE,64447124.0,15.05
2022,GE,61317684.0,14.74
2023,GE,97860029.0,14.49
2024,GE,78200276.0,14.62
2025,GE,52307766.0,14.49
2026,GE,144854087.0,14.65
2027,GE,91924040.0,14.5
2028,GE,87781209.0,14.11
2029,MSFT,20694101.0,61.219141839549
2030,MSFT,21339969.0,60.945230690378
2031,MSFT,24875968.0,60.945230690378
2032,MSFT,19922919.0,61.473487906635
2033,MSFT,20382730.0,61.277837085799
2034,MSFT,18593004.0,61.258272003716
2035,MSFT,21517335.0,61.815876843098
2036,MSFT,20968223.0,61.248489462674
2037,MSFT,19422310.0,61.33653233205
2038,MSFT,20663983.0,61.17022913434
2039,MSFT,19670102.0,61.140881511214
2040,MSFT,18451655.0,60.945230690378
2041,MSFT,30213462.0,61.375662496217
2042,MSFT,23097581.0,61.590878399137
2043,MSFT,24672940.0,62.138700697477
2044,MSFT,24654933.0,62.295221354146
2045,MSFT,43554645.0,62.872391275612
2046,MSFT,44817972.0,64.349554972923
2047,MSFT,31651445.0,63.713689805206
2048,MSFT,25270549.0,63.2441278352
2049,MSFT,39671528.0,62.197395943728
2050,MSFT,45827013.0,61.796311761014
2051,MSFT,30301759.0,62.295221354146
2052,MSFT,19796360.0,62.256091189979
2053,MSFT,20277226.0,62.050657828101
2054,MSFT,18096358.0,61.962614958725
2055,MSFT,22644443.0,62.666957913734
2056,MSFT,18170729.0,62.608262667483
2057,MSFT,22920101.0,63.312605622493
2058,MSFT,23108426.0,63.547386607496
2059,MSFT,17005157.0,63.508020098834
2060,MSFT,20546345.0,63.498178471668
2061,MSFT,21248818.0,63.596594743323
2062,MSFT,20655869.0,63.468653590172
2063,MSFT,19292651.0,63.340712437021
2064,MSFT,20273128.0,63.596594743323
2065,MSFT,21796800.0,63.596594743323
2066,MSFT,15871507.0,63.212771283869
2067,MSFT,23239825.0,62.966730604732
2068,MSFT,26937459.0,63.911526812618
2069,MSFT,24539597.0,62.996255486229
2070,MSFT,18139405.0,63.2324545382
2071,MSFT,18750255.0,63.252137792531
2072,MSFT,18520987.0,63.380078945682
2073,MSFT,21510907.0,63.960734948446
2074,MSFT,19846832.0,63.704852642143
2075,MSFT,19538245.0,63.901685185453
2076,MSFT,20100035.0,63.685169387812
2077,MSFT,14280202.0,63.389920572848
2078,MSFT,24833810.0,63.724535896474
2079,MSFT,20674296.0,63.616277997654
2080,MSFT,49219686.0,63.84263542246
2081,MSFT,14598083.0,63.901685185453
2082,MSFT,26640480.0,63.193088029538
2083,MSFT,20680015.0,64.000101457108
2084,MSFT,19269203.0,63.84263542246
2085,MSFT,22617105.0,63.95089332128
2086,MSFT,18614662.0,64.068992847266
2087,MSFT,20080358.0,64.25598376341
2088,MSFT,13618424.0,64.433133052389
2089,MSFT,15122823.0,64.66933210436
2090,MSFT,21040331.0,64.816956511842
2091,MSFT,20400871.0,64.511866069713
2092,MSFT,12997449.0,64.689015358691
2093,MSFT,21448594.0,64.521707696878
2094,MSFT,18103453.0,64.689015358691
2095,MSFT,14089274.0,64.639807222864
2096,MSFT,17952742.0,64.492182815382
2097,MSFT,18791533.0,64.442974679554
2098,MSFT,17108513.0,64.196934000417
2099,MSFT,17896483.0,63.921368439784
2100,MSFT,16689265.0,64.442974679554
2101,MSFT,15155611.0,64.354400035065
2102,MSFT,26992771.0,64.009943084273
2103,MSFT,22299477.0,64.462657933885
2104,MSFT,32522645.0,65.348404378778
2105,MSFT,29721254.0,66.460508248477
2106,MSFT,29983174.0,66.844331707931
2107,MSFT,25544417.0,66.755757063442
2108,MSFT,32219234.0,67.188788658723
2109,MSFT,38940853.0,67.375779574867
2110,MSFT,31304672.0,68.310734155587
2111,MSFT,23000828.0,68.202476256767
2112,MSFT,28725646.0,67.985960459127
2113,MSFT,21421413.0,67.720236525659
2114,MSFT,18882845.0,67.907227441803
2115,MSFT,18446053.0,67.84817767881
2116,MSFT,22318181.0,67.946593950465
2117,MSFT,17842038.0,68.212317883933
2118,MSFT,27985424.0,67.375779574867
2119,MSFT,17073013.0,67.297046557543
2120,MSFT,30705323.0,67.34625469337
2121,MSFT,33250702.0,68.694557615041
2122,MSFT,29964198.0,66.784451056951
2123,MSFT,24789790.0,67.012080335894
2124,MSFT,26496478.0,66.992286485551
2125,MSFT,15484530.0,67.744452798582
2126,MSFT,15347877.0,67.972082077525
2127,MSFT,14422965.0,68.061154404068
2128,MSFT,21702912.0,68.902393043641
2129,MSFT,19644260.0,69.248785424642
2130,MSFT,16901792.0,69.684250132186
2131,MSFT,29538356.0,69.120125397413
2132,MSFT,21066468.0,69.377445451871
2133,MSFT,34586054.0,71.020335030332
2134,MSFT,29507429.0,71.534975139247
2135,MSFT,31220057.0,71.772501343362
2136,MSFT,21895156.0,71.643841316133
2137,MSFT,23982410.0,71.203428146004
2138,MSFT,48619420.0,69.595177805643
2139,MSFT,47363986.0,69.060743846385
2140,MSFT,24815455.0,69.921776336301
2141,MSFT,25271276.0,69.545693179786
2142,MSFT,25701569.0,69.179506948442
2143,MSFT,46911637.0,69.278476200157
2144,MSFT,23146852.0,70.139508690073
2145,MSFT,20775590.0,69.189403873614
2146,MSFT,19190623.0,69.545693179786
2147,MSFT,22222851.0,69.535796254614
2148,MSFT,23176418.0,70.476004145902
2149,MSFT,19308122.0,69.803013234243
2150,MSFT,24862560.0,68.496619111612
2151,MSFT,25226070.0,69.080537696728
2152,MSFT,28231562.0,67.784040499267
2153,MSFT,23039328.0,68.219505206811
2154,MSFT,16164331.0,67.467338893781
2155,MSFT,20174523.0,68.367959084383
2156,MSFT,20776555.0,67.863215900639
2157,MSFT,15897154.0,68.744042240898
2158,MSFT,14903400.0,69.258682349814
2159,MSFT,16880205.0,69.268579274985
2160,MSFT,17382861.0,70.416622594873
2161,MSFT,20149208.0,71.030231955503
2162,MSFT,25689303.0,72.02982139782
2163,MSFT,21481069.0,72.593946132593
2164,MSFT,26150272.0,72.544461506735
2165,MSFT,21769229.0,73.098689316337
2166,MSFT,34174677.0,73.474772472852
2167,MSFT,45302930.0,73.029410840136
2168,MSFT,20836422.0,72.841369261879
2169,MSFT,21522189.0,73.425287846995
2170,MSFT,15850344.0,73.286730894594
2171,MSFT,35518251.0,72.405904554335
2172,MSFT,17472880.0,72.287141452278
2173,MSFT,23151962.0,71.970439846791
2174,MSFT,19060885.0,71.831882894391
2175,MSFT,26405096.0,71.515181288904
2176,MSFT,17937522.0,71.406315112019
2177,MSFT,22412719.0,71.930852146105
2178,MSFT,18582345.0,71.653738241305
2179,MSFT,21446993.0,72.039718322991
2180,MSFT,20401071.0,71.723016717505
2181,MSFT,23153711.0,70.673942649331
2182,MSFT,21121250.0,71.752707493019
2183,MSFT,19756773.0,72.831472336707
2184,MSFT,17791179.0,72.85126618705
2185,MSFT,17814317.0,73.279100719424
2186,MSFT,21834250.0,72.035395683453
2187,MSFT,18215276.0,72.124942446043
2188,MSFT,17656716.0,71.786654676259
2189,MSFT,14183146.0,72.791568345324
2190,MSFT,13586784.0,72.353784172662
2191,MSFT,15980144.0,72.323935251799
2192,MSFT,12574503.0,72.45328057554
2193,MSFT,14112777.0,72.463230215827
2194,MSFT,11325418.0,72.682122302158
2195,MSFT,16826094.0,73.637287769784
2196,MSFT,26688077.0,74.393460431655
2197,MSFT,21593192.0,73.56764028777
2198,MSFT,21432599.0,73.239302158273
2199,MSFT,15945136.0,73.03035971223
2200,MSFT,17165518.0,73.965625899281
2201,MSFT,14474383.0,73.607438848921
2202,MSFT,17428067.0,74.383510791367
2203,MSFT,14003880.0,74.303913669065
2204,MSFT,12998629.0,74.831244604317
2205,MSFT,15373384.0,74.393460431655
2206,MSFT,37901927.0,74.930741007194
2207,MSFT,22730355.0,74.781496402878
2208,MSFT,15606870.0,75.060086330935
2209,MSFT,20415084.0,74.562604316547
2210,MSFT,19038998.0,73.83628057554
2211,MSFT,13969937.0,74.035273381295
2212,MSFT,23502422.0,72.891064748201
2213,MSFT,17105469.0,72.891064748201
2214,MSFT,18934048.0,73.47809352518
2215,MSFT,10814063.0,73.497992805755
2216,MSFT,16700435.0,74.114870503597
2217,MSFT,15210338.0,74.23426618705
2218,MSFT,11935853.0,73.886028776978
2219,MSFT,13287346.0,74.313863309353
2220,MSFT,20656238.0,75.587417266187
2221,MSFT,13692791.0,75.61726618705
2222,MSFT,11364275.0,75.905805755396
2223,MSFT,13734627.0,75.905805755396
2224,MSFT,14780652.0,76.035151079137
2225,MSFT,16778148.0,76.731625899281
2226,MSFT,15250772.0,77.099762589928
2227,MSFT,12331147.0,77.258956834532
2228,MSFT,15953665.0,77.199258992806
2229,MSFT,13147124.0,77.219158273381
2230,MSFT,14982129.0,77.517647482014
2231,MSFT,22517092.0,78.413115107914
2232,MSFT,20479731.0,78.433014388489
2233,MSFT,16613928.0,78.462863309353
2234,MSFT,19714512.0,78.234021582734
2235,MSFT,29181652.0,78.363366906475
2236,MSFT,70877350.0,83.387935251799
2237,MSFT,31291801.0,83.467532374101
2238,MSFT,26728947.0,82.761107913669
2239,MSFT,22039635.0,82.761107913669
2240,MSFT,23822964.0,83.626726618705
2241,MSFT,17569120.0,83.716273381295
2242,MSFT,19039847.0,84.044611510791
2243,MSFT,17152583.0,83.845618705036
2244,MSFT,20924172.0,83.666525179856
2245,MSFT,19340435.0,83.447633093525
2246,MSFT,14080820.0,83.507330935252
2247,MSFT,18604034.0,83.626726618705
2248,MSFT,19097333.0,82.98
2249,MSFT,20659209.0,83.2
2250,MSFT,21715498.0,82.4
2251,MSFT,16072495.0,82.53
2252,MSFT,21033981.0,83.72
2253,MSFT,20213704.0,83.11
2254,MSFT,7425503.0,83.26
2255,MSFT,17603760.0,83.87
2256,MSFT,21162639.0,84.88
2257,MSFT,26401761.0,83.34
2258,MSFT,32074914.0,84.17
2259,MSFT,29113662.0,84.26
2260,MSFT,37977732.0,81.08
2261,MSFT,25512120.0,81.59
2262,MSFT,24821403.0,82.78
2263,MSFT,20378114.0,82.49
2264,MSFT,23825056.0,84.16
2265,MSFT,19909119.0,85.23
2266,MSFT,23534946.0,85.58
2267,MSFT,21307911.0,85.35
2268,MSFT,19080106.0,84.69
2269,MSFT,52430167.0,86.85
2270,MSFT,21551076.0,86.38
2271,MSFT,23241979.0,85.83
2272,MSFT,23425009.0,85.52
2273,MSFT,16638402.0,85.5
2274,MSFT,14033977.0,85.51
2275,MSFT,9737412.0,85.4
2276,MSFT,13000828.0,85.71
2277,MSFT,9872795.0,85.72
2278,MSFT,18162779.0,85.54
2279,MSFT,21993101.0,85.95
2280,MSFT,24173064.0,86.35
2281,MSFT,21145985.0,87.11
2282,MSFT,22526563.0,88.19
2283,MSFT,20293930.0,88.28
2284,MSFT,19390427.0,88.22
2285,MSFT,18129153.0,87.82
2286,MSFT,16529868.0,88.08
2287,MSFT,24000439.0,89.58
2288,MSFT,35945428.0,88.35
2289,MSFT,24659472.0,90.14
2290,MSFT,22931303.0,90.1
2291,MSFT,34896964.0,90.0
2292,MSFT,23190700.0,91.61
2293,MSFT,22283365.0,91.9
2294,MSFT,32107765.0,91.82
2295,MSFT,23983094.0,92.33
2296,MSFT,26348999.0,94.06
2297,MSFT,30409620.0,93.92
2298,MSFT,34153798.0,92.74
2299,MSFT,44284284.0,95.01
2300,MSFT,46645657.0,94.26
2301,MSFT,47076959.0,91.78
2302,MSFT,42253469.0,89.05
2303,MSFT,66157030.0,91.33
2304,MSFT,40340551.0,89.61
2305,MSFT,47485202.0,84.89
2306,MSFT,57408480.0,88.1
2307,MSFT,35501368.0,89.13
2308,MSFT,26200053.0,89.83
2309,MSFT,34314101.0,90.81
2310,MSFT,27407914.0,92.66
2311,MSFT,30188535.0,92.0
2312,MSFT,30107057.0,92.72
2313,MSFT,26081953.0,91.49
2314,MSFT,22723756.0,91.74
2315,MSFT,25779955.0,94.06
2316,MSFT,29760276.0,95.42
2317,MSFT,25540755.0,94.2
2318,MSFT,29314525.0,93.77
2319,MU,24962867.0,22.55
2320,MU,20426819.0,22.36
2321,MU,19759381.0,22.11
2322,MU,17782160.0,22.04
2323,MU,21537171.0,22.34
2324,MU,20644345.0,22.48
2325,MU,20907746.0,22.79
2326,MU,27592288.0,22.31
2327,MU,14025660.0,22.18
2328,MU,20053761.0,21.74
2329,MU,19493417.0,22.32
2330,MU,31259017.0,21.71
2331,MU,19978669.0,21.96
2332,MU,16070257.0,21.89
2333,MU,29461353.0,22.85
2334,MU,33384707.0,23.56
2335,MU,19379092.0,23.52
2336,MU,18626054.0,23.97
2337,MU,30508099.0,24.18
2338,MU,22712508.0,24.11
2339,MU,28728167.0,24.75
2340,MU,45499729.0,24.79
2341,MU,25054360.0,24.6
2342,MU,18900002.0,24.34
2343,MU,19879272.0,24.6
2344,MU,21559205.0,24.21
2345,MU,27887385.0,24.45
2346,MU,28578398.0,24.05
2347,MU,16876390.0,23.9
2348,MU,60685229.0,23.12
2349,MU,28215808.0,23.02
2350,MU,23819848.0,22.98
2351,MU,22108736.0,23.35
2352,MU,20256331.0,23.77
2353,MU,16013317.0,23.75
2354,MU,20172926.0,23.48
2355,MU,22019587.0,23.24
2356,MU,17999814.0,23.76
2357,MU,21447514.0,23.44
2358,MU,27989312.0,24.55
2359,MU,45941859.0,24.7
2360,MU,37971610.0,25.57
2361,MU,25527754.0,25.71
2362,MU,20313002.0,25.64
2363,MU,24921136.0,25.38
2364,MU,21786556.0,25.15
2365,MU,28919045.0,25.18
2366,MU,23768209.0,25.7
2367,MU,14587546.0,25.58
2368,MU,29779850.0,26.12
2369,MU,19147312.0,26.04
2370,MU,19126498.0,25.8
2371,MU,26918811.0,26.21
2372,MU,28397518.0,25.52
2373,MU,25092530.0,26.06
2374,MU,47118274.0,26.47
2375,MU,107481789.0,28.43
2376,MU,48189996.0,28.76
2377,MU,24776375.0,28.69
2378,MU,23060612.0,28.5
2379,MU,25092660.0,28.97
2380,MU,32337822.0,28.9
2381,MU,21629078.0,28.64
2382,MU,13957931.0,28.59
2383,MU,22389904.0,28.26
2384,MU,19423730.0,28.62
2385,MU,20297074.0,28.52
2386,MU,27422050.0,27.64
2387,MU,38619254.0,27.18
2388,MU,24621861.0,26.69
2389,MU,26077466.0,26.74
2390,MU,14108578.0,27.13
2391,MU,14407057.0,27.14
2392,MU,21231909.0,27.26
2393,MU,23632981.0,27.96
2394,MU,28361662.0,27.32
2395,MU,43984392.0,26.57
2396,MU,22613970.0,26.99
2397,MU,24143655.0,26.79
2398,MU,23993048.0,27.63
2399,MU,27972964.0,27.66
2400,MU,22949451.0,28.29
2401,MU,24867842.0,27.77
2402,MU,14998958.0,28.0
2403,MU,15453475.0,27.79
2404,MU,15555563.0,28.2
2405,MU,32180278.0,28.06
2406,MU,30907943.0,28.81
2407,MU,29037063.0,29.32
2408,MU,22289242.0,29.03
2409,MU,15822721.0,28.93
2410,MU,21799157.0,28.83
2411,MU,14872731.0,29.02
2412,MU,37820542.0,27.0
2413,MU,26524153.0,27.48
2414,MU,18981926.0,27.82
2415,MU,17751328.0,28.06
2416,MU,21724674.0,28.29
2417,MU,22091265.0,28.99
2418,MU,20602603.0,29.43
2419,MU,17633402.0,29.76
2420,MU,34020256.0,30.7092
2421,MU,26192375.0,30.77
2422,MU,20389255.0,30.76
2423,MU,20029974.0,31.21
2424,MU,23545359.0,31.21
2425,MU,32006434.0,31.57
2426,MU,32193151.0,32.5
2427,MU,28703559.0,32.45
2428,MU,52712627.0,30.6
2429,MU,46316083.0,31.2
2430,MU,33661822.0,31.54
2431,MU,28722662.0,31.06
2432,MU,33430631.0,30.56
2433,MU,42268281.0,29.86
2434,MU,24752772.0,31.2
2435,MU,24792807.0,30.83
2436,MU,30044019.0,32.01
2437,MU,22770888.0,31.89
2438,MU,33060102.0,31.75
2439,MU,34626499.0,32.5
2440,MU,33074814.0,31.66
2441,MU,27683250.0,32.24
2442,MU,48796243.0,31.47
2443,MU,72828464.0,29.86
2444,MU,36823886.0,29.14
2445,MU,40200878.0,30.51
2446,MU,26673941.0,30.1
2447,MU,21863171.0,30.2
2448,MU,24750442.0,30.5
2449,MU,28254608.0,31.37
2450,MU,22061206.0,31.45
2451,MU,22987513.0,31.12
2452,MU,28319892.0,31.79
2453,MU,21727457.0,31.72
2454,MU,13005028.0,31.9
2455,MU,19737247.0,31.82
2456,MU,22042958.0,32.0
2457,MU,16809643.0,32.01
2458,MU,16213341.0,31.67
2459,MU,49808116.0,29.9
2460,MU,25140266.0,29.81
2461,MU,38212039.0,30.24
2462,MU,30655396.0,29.28
2463,MU,40756361.0,28.1
2464,MU,27524430.0,28.34
2465,MU,26799098.0,28.63
2466,MU,30062910.0,27.83
2467,MU,23458981.0,27.92
2468,MU,16346460.0,28.59
2469,MU,21705681.0,28.84
2470,MU,14022528.0,28.58
2471,MU,25711073.0,27.49
2472,MU,22110309.0,28.01
2473,MU,25074496.0,29.24
2474,MU,23747659.0,29.68
2475,MU,37435000.0,30.69
2476,MU,25707517.0,29.62
2477,MU,30697268.0,30.38
2478,MU,25517968.0,29.56
2479,MU,18021271.0,30.45
2480,MU,20276021.0,30.45
2481,MU,17161679.0,30.22
2482,MU,13852665.0,30.29
2483,MU,22288606.0,31.08
2484,MU,22923943.0,31.48
2485,MU,16875135.0,31.61
2486,MU,24938285.0,31.97
2487,MU,25955403.0,32.6
2488,MU,28701235.0,32.07
2489,MU,28161662.0,32.25
2490,MU,24723429.0,32.79
2491,MU,19408994.0,32.45
2492,MU,30600100.0,33.44
2493,MU,37320487.0,34.29
2494,MU,39724490.0,34.59
2495,MU,22695882.0,34.58
2496,MU,36890720.0,34.65
2497,MU,36648818.0,35.43
2498,MU,26007387.0,35.95
2499,MU,41748913.0,35.97
2500,MU,21613456.0,35.91
2501,MU,21132570.0,36.07
2502,MU,35384371.0,34.87
2503,MU,46084781.0,34.18
2504,MU,83197379.0,37.09
2505,MU,51748707.0,37.96
2506,MU,45974835.0,39.33
2507,MU,53120639.0,40.01
2508,MU,26482487.0,40.37
2509,MU,37502916.0,39.56
2510,MU,21905068.0,39.37
2511,MU,24712350.0,39.67
2512,MU,27173921.0,40.96
2513,MU,43813905.0,41.98
2514,MU,51236981.0,41.61
2515,MU,66169719.0,40.58
2516,MU,35186522.0,40.4
2517,MU,33326097.0,41.49
2518,MU,40452810.0,40.39
2519,MU,43170278.0,41.65
2520,MU,46661119.0,41.31
2521,MU,35744454.0,41.5
2522,MU,26637275.0,41.56
2523,MU,25298041.0,41.6
2524,MU,30880624.0,41.06
2525,MU,27173144.0,40.6
2526,MU,30866028.0,40.85
2527,MU,28398164.0,41.65
2528,MU,60176494.0,44.31
2529,MU,38486961.0,44.38
2530,MU,25556690.0,44.34
2531,MU,27555798.0,43.71
2532,MU,28343792.0,43.25
2533,MU,31476121.0,43.95
2534,MU,30712774.0,43.5
2535,MU,33761681.0,44.78
2536,MU,28954199.0,45.6
2537,MU,29250692.0,45.8
2538,MU,22284149.0,45.36
2539,MU,23857881.0,46.18
2540,MU,22279653.0,46.16
2541,MU,26611629.0,47.64
2542,MU,35294764.0,49.4
2543,MU,28482742.0,49.14
2544,MU,14196564.0,49.68
2545,MU,44247950.0,48.05
2546,MU,30053803.0,47.93
2547,MU,79227998.0,43.74
2548,MU,62791257.0,42.39
2549,MU,72738828.0,41.99
2550,MU,73223926.0,39.9
2551,MU,56390732.0,41.21
2552,MU,38023427.0,41.58
2553,MU,42457213.0,43.2
2554,MU,44281006.0,43.21
2555,MU,30942198.0,43.01
2556,MU,28220478.0,41.86
2557,MU,27852590.0,42.05
2558,MU,24268090.0,42.24
2559,MU,56479956.0,42.4
2560,MU,34375034.0,43.71
2561,MU,43131517.0,43.98
2562,MU,83917497.0,45.75
2563,MU,49505543.0,44.42
2564,MU,29868248.0,44.12
2565,MU,41726724.0,42.25
2566,MU,23741087.0,42.48
2567,MU,28665800.0,41.81
2568,MU,44367304.0,41.12
2569,MU,36355181.0,43.67
2570,MU,42704755.0,44.98
2571,MU,51498192.0,46.88
2572,MU,46472129.0,45.8
2573,MU,31682770.0,45.55
2574,MU,62497375.0,42.97
2575,MU,52765574.0,43.29
2576,MU,38473419.0,42.82
2577,MU,28009649.0,42.81
2578,MU,37382456.0,42.92
2579,MU,37866283.0,44.27
2580,MU,24721912.0,43.99
2581,MU,40935590.0,42.75
2582,MU,37529652.0,42.88
2583,MU,40315114.0,43.95
2584,MU,30223262.0,43.08
2585,MU,40000694.0,43.01
2586,MU,26938055.0,43.67
2587,MU,29018760.0,43.29
2588,MU,37707881.0,41.67
2589,MU,44434889.0,43.72
2590,MU,34841595.0,42.49
2591,MU,40368162.0,40.82
2592,MU,42350408.0,39.62
2593,MU,66061066.0,43.88
2594,MU,50272933.0,42.01
2595,MU,50662204.0,40.0
2596,MU,63277832.0,40.35
2597,MU,47734484.0,42.19
2598,MU,29958206.0,42.63
2599,MU,36112301.0,43.45
2600,MU,34666043.0,43.5
2601,MU,48776595.0,44.21
2602,MU,35646723.0,44.89
2603,MU,31369022.0,44.54
2604,MU,23399894.0,44.25
2605,MU,48225875.0,46.53
2606,MU,40998050.0,47.98
2607,MU,43450675.0,48.58
2608,MU,44203484.0,48.81
2609,T,26006613.0,40.942507044458
2610,T,23199517.0,40.704579876603
2611,T,25707068.0,40.590374836033
2612,T,32687866.0,39.79093955204
2613,T,25480912.0,39.290182326313
2614,T,21521928.0,39.299812272961
2615,T,24536368.0,39.107213339989
2616,T,19899273.0,39.492411205934
2617,T,13931956.0,39.44426147269
2618,T,22535807.0,39.58871067242
2619,T,19476068.0,39.290182326313
2620,T,16693296.0,39.482781259285
2621,T,25161746.0,39.916128858472
2622,T,25210709.0,40.445775924146
2623,T,28700959.0,39.829459338635
2624,T,21460549.0,39.858349178581
2625,T,28130447.0,40.224287151228
2626,T,19017620.0,40.455405870794
2627,T,15871524.0,40.272436884471
2628,T,25404883.0,40.599855070523
2629,T,32077929.0,40.503555604037
2630,T,29154279.0,39.65612029896
2631,T,19149690.0,39.7235299255
2632,T,11374764.0,39.540560939177
2633,T,17311976.0,39.598340619068
2634,T,15687696.0,39.685010138906
2635,T,11362445.0,39.781309605392
2636,T,12135621.0,39.848719231932
2637,T,34361092.0,39.145733126584
2638,T,19701626.0,39.24203259307
2639,T,23322451.0,39.598340619068
2640,T,16579673.0,39.7235299255
2641,T,24154490.0,39.945018698418
2642,T,17504381.0,40.185767364633
2643,T,15656507.0,40.050948111553
2644,T,19218542.0,40.397626190902
2645,T,17042850.0,40.792454003495
2646,T,17337401.0,40.272436884471
2647,T,19336410.0,40.243547044525
2648,T,23900989.0,40.48429571074
2649,T,13181750.0,40.513185550686
2650,T,17248209.0,40.455405870794
2651,T,14177020.0,40.407256137551
2652,T,16250873.0,40.330216564362
2653,T,17881049.0,40.224287151228
2654,T,17672624.0,40.387996244254
2655,T,19732081.0,40.782824056847
2656,T,14884180.0,40.802083950144
2657,T,10063834.0,40.532445443983
2658,T,21055944.0,41.013942776413
2659,T,14601773.0,40.869493576684
2660,T,24748927.0,41.03320266971
2661,T,11851848.0,40.850233683387
2662,T,20299031.0,40.522815497334
2663,T,18547120.0,40.108727791444
2664,T,14660394.0,40.108727791444
2665,T,14201706.0,40.13761763139
2666,T,13185156.0,39.954648645067
2667,T,15585312.0,40.022058271607
2668,T,14104170.0,39.916128858472
2669,T,14773877.0,40.214657204579
2670,T,17533497.0,40.012428324958
2671,T,17978664.0,40.031688218255
2672,T,12550672.0,40.147247578039
2673,T,19955782.0,39.973908538364
2674,T,20492316.0,39.569450779122
2675,T,20333031.0,39.55970460898
2676,T,18215046.0,39.355035035984
2677,T,19609903.0,39.286811844986
2678,T,22195768.0,39.530466098552
2679,T,17556190.0,39.257573334558
2680,T,12118645.0,39.277065674843
2681,T,15920226.0,39.22833482413
2682,T,23799483.0,39.22833482413
2683,T,21715734.0,39.335542695699
2684,T,23898137.0,38.916457379565
2685,T,24033786.0,39.004172910849
2686,T,35569851.0,38.906711209423
2687,T,33806967.0,39.41351205684
2688,T,22426625.0,38.89696503928
2689,T,24855880.0,38.624072275286
2690,T,24429422.0,38.107525257726
2691,T,23361463.0,37.961332705587
2692,T,33571614.0,37.425293347741
2693,T,30739281.0,37.045192712178
2694,T,21104456.0,37.581232070024
2695,T,19998370.0,37.590978240166
2696,T,21550587.0,37.249862285174
2697,T,22605836.0,37.474024198455
2698,T,16448138.0,37.464278028312
2699,T,13540398.0,37.513008879025
2700,T,20541597.0,37.610470580452
2701,T,21551217.0,37.220623774746
2702,T,29358716.0,36.509153354333
2703,T,25714289.0,36.986715691323
2704,T,19009697.0,37.269354625459
2705,T,14338672.0,37.279100795602
2706,T,13449062.0,37.337577816458
2707,T,15603875.0,37.181639094175
2708,T,14833995.0,37.259608455316
2709,T,13716459.0,37.152400583747
2710,T,20431350.0,37.571485899881
2711,T,23520419.0,37.551993559596
2712,T,17640817.0,37.883363344445
2713,T,18515993.0,37.883363344445
2714,T,13732815.0,37.82488632359
2715,T,16168786.0,37.746916962449
2716,T,16426257.0,37.776155472876
2717,T,20136590.0,37.522755049168
2718,T,18382604.0,37.805393983304
2719,T,22269160.0,38.078286747298
2720,T,18732821.0,37.698186111735
2721,T,16345286.0,37.737170792306
2722,T,16437354.0,37.854124834018
2723,T,29335759.0,37.971078875729
2724,T,20880429.0,37.922348025016
2725,T,21662247.0,37.67869377145
2726,T,24572246.0,37.181639094175
2727,T,16016487.0,37.132908243462
2728,T,22530547.0,36.986715691323
2729,T,18389168.0,37.181639094175
2730,T,19850829.0,36.743061437756
2731,T,20312146.0,36.97696952118
2732,T,23508452.0,36.665092076615
2733,T,22303282.0,36.772299948184
2734,T,11123146.0,37.142654413605
2735,T,19644726.0,37.152400583747
2736,T,20754749.0,36.713822927329
2737,T,20009302.0,36.516330603889
2738,T,19894175.0,36.36821136131
2739,T,21067825.0,36.141095189355
2740,T,17369349.0,36.36821136131
2741,T,29849687.0,35.755985158649
2742,T,23124626.0,35.844856704197
2743,T,20529927.0,35.933728249744
2744,T,29120321.0,35.538743602866
2745,T,24241192.0,35.676988229273
2746,T,30139360.0,36.06209825998
2747,T,19971645.0,36.052223643808
2748,T,21944392.0,35.775734390993
2749,T,28210563.0,35.765859774821
2750,T,72226162.0,37.553165301945
2751,T,61841158.0,38.915862333675
2752,T,35815916.0,38.511003070624
2753,T,28325450.0,38.511003070624
2754,T,29057131.0,38.392507676561
2755,T,34582589.0,37.790156090072
2756,T,18825280.0,37.800030706244
2757,T,16234405.0,37.948149948823
2758,T,16774947.0,38.037021494371
2759,T,15417073.0,37.879027635619
2760,T,19677439.0,37.879027635619
2761,T,21080737.0,37.711159160696
2762,T,13246121.0,37.622287615148
2763,T,17093931.0,38.017272262027
2764,T,14697348.0,37.68153531218
2765,T,14769126.0,37.750657625384
2766,T,21515025.0,37.128556806551
2767,T,22866232.0,36.901440634596
2768,T,17247774.0,37.108807574207
2769,T,14690796.0,37.503792221085
2770,T,19814504.0,37.444544524053
2771,T,10806185.0,37.207553735926
2772,T,14183566.0,37.513666837257
2773,T,9950593.0,37.464293756397
2774,T,9549322.0,37.37542221085
2775,T,12404499.0,37.197679119754
2776,T,20091749.0,36.990312180143
2777,T,12669756.0,37.010061412487
2778,T,22792480.0,36.624951381781
2779,T,27799139.0,36.111471340839
2780,T,48145357.0,35.15363357216
2781,T,40807093.0,35.143758955988
2782,T,22664740.0,35.291878198567
2783,T,28265697.0,35.805358239509
2784,T,25492489.0,36.091722108495
2785,T,17872917.0,35.86460593654
2786,T,47603337.0,36.634825997953
2787,T,31231834.0,36.950813715455
2788,T,46221907.0,37.73090839304
2789,T,26260768.0,37.948149948823
2790,T,16775443.0,37.740783009212
2791,T,23136634.0,38.106143807574
2792,T,35952240.0,38.629498464688
2793,T,22591888.0,38.23451381781
2794,T,23135156.0,38.283886898669
2795,T,17245673.0,38.550501535312
2796,T,21798345.0,38.678871545548
2797,T,15526050.0,38.619623848516
2798,T,16018427.0,38.984984646878
2799,T,17872837.0,39.004733879222
2800,T,22488718.0,39.014608495394
2801,T,22416654.0,38.59
2802,T,19232767.0,38.3
2803,T,17265687.0,38.5
2804,T,26607120.0,38.19
2805,T,81104374.0,35.86
2806,T,55687849.0,35.7
2807,T,31066469.0,36.17
2808,T,21520125.0,36.23
2809,T,36480053.0,35.71
2810,T,32352849.0,35.69
2811,T,37240295.0,35.54
2812,T,30781136.0,35.25
2813,T,47005821.0,34.86
2814,T,91170783.0,33.48
2815,T,45048573.0,33.68
2816,T,52300035.0,33.97
2817,T,51575879.0,33.54
2818,T,36247813.0,33.65
2819,T,37593333.0,33.55
2820,T,72880159.0,33.17
2821,T,40189142.0,33.3
2822,T,47701373.0,32.86
2823,T,29898256.0,33.07
2824,T,69625103.0,34.0
2825,T,57445443.0,34.22
2826,T,28716679.0,34.17
2827,T,29820096.0,33.72
2828,T,32772582.0,33.81
2829,T,39909607.0,34.52
2830,T,36883419.0,34.51
2831,T,30310660.0,34.64
2832,T,35232748.0,34.33
2833,T,26335071.0,34.87
2834,T,9203078.0,34.81
2835,T,26434472.0,34.68
2836,T,34375685.0,35.42
2837,T,52897586.0,36.48
2838,T,48940821.0,36.38
2839,T,31209602.0,36.5
2840,T,39850781.0,37.27
2841,T,31812442.0,36.55
2842,T,30901893.0,36.11
2843,T,24400622.0,36.17
2844,T,25299789.0,36.73
2845,T,23218110.0,36.9
2846,T,45683925.0,38.1
2847,T,39396171.0,38.04
2848,T,32661331.0,37.74
2849,T,43944437.0,38.24
2850,T,30137512.0,38.46
2851,T,28599008.0,38.05
2852,T,26784787.0,38.55
2853,T,31760055.0,38.88
2854,T,17862828.0,38.94
2855,T,13534002.0,39.06
2856,T,15577637.0,38.89
2857,T,15617585.0,39.18
2858,T,26340985.0,38.88
2859,T,31778098.0,38.54
2860,T,38545760.0,37.65
2861,T,27738779.0,38.0
2862,T,21786523.0,38.14
2863,T,26547486.0,38.25
2864,T,27943977.0,37.49
2865,T,40966949.0,36.62
2866,T,37723349.0,36.48
2867,T,30950401.0,36.9
2868,T,24465060.0,36.72
2869,T,21655224.0,36.85
2870,T,26441248.0,37.15
2871,T,27663383.0,37.21
2872,T,30559514.0,37.87
2873,T,31738744.0,37.19
2874,T,24798025.0,37.02
2875,T,23387064.0,37.45
2876,T,19531736.0,37.82
2877,T,30124560.0,37.26
2878,T,27979531.0,37.44
2879,T,38803396.0,37.45
2880,T,59427489.0,39.16
2881,T,44897592.0,38.07
2882,T,44764181.0,36.63
2883,T,62154707.0,36.83
2884,T,35446487.0,36.93
2885,T,43483762.0,35.57
2886,T,49912177.0,36.05
2887,T,27573659.0,36.37
2888,T,21391714.0,36.6
2889,T,24724420.0,36.41
2890,T,27036913.0,37.0
2891,T,19702896.0,37.14
2892,T,21710431.0,36.77
2893,T,20719966.0,36.31
2894,T,18459802.0,36.47
2895,T,17146238.0,36.72
2896,T,19801615.0,37.46
2897,T,21161420.0,36.87
2898,T,28917497.0,36.3
